Flow_A (L/min),Flow_C (L/min),Temperature (Â°C),Time_of_Day (hr),Leakage
6.872700594236813,5.8254580232071955,23.702658576772393,15,1
9.75357153204958,8.9494269825334,30.838018947567164,1,1
8.659969709057025,8.195678284627533,37.45891671752817,5,0
7.993292420985183,6.77259989142476,34.644497728191226,20,1
5.780093202212183,4.752996443381364,36.131222957229,11,1
5.779972601681013,5.536047192663676,33.175667334214346,4,0
5.290418060840997,3.9240272841002333,33.84553129035705,1,1
9.330880728874675,8.097074864489922,36.983913031306386,15,1
8.005575058716044,6.580875188778158,24.993360177183717,4,1
8.540362888980226,7.451783626397686,29.788499272862808,14,1
5.102922471479012,4.182799677575327,24.424188836392045,11,1
9.849549260809972,9.222184706374044,39.75336015993294,3,0
9.162213204002109,7.763120478971089,38.88118679373227,14,1
6.061695553391381,4.762599719140768,20.788536227370116,10,1
5.909124836035503,5.841296830876219,34.11150345031377,15,0
5.917022549267169,5.877472087521291,38.50496634831332,22,0
6.521211214797688,5.956516164480614,23.611506902546672,5,0
7.623782158161189,6.40795216198844,31.358904611052587,13,1
7.159725093210579,5.678810899238162,38.30976595176084,17,1
6.456145700990209,6.230520364334917,20.678919571715976,11,0
8.059264473611897,7.168068400583694,33.9484053449368,10,1
5.697469303260209,5.126133018313677,25.946980147451015,12,0
6.4607232426760905,5.005851645954186,38.48792390753061,20,1
6.831809216468459,5.568630831764896,39.42116490330736,22,1
7.28034992108518,6.022856864018474,38.88532978226868,10,1
8.925879806965067,8.222840067272612,29.484284333149276,22,1
5.998368910791799,5.376139657285301,37.24085301978627,15,0
7.571172192068058,7.161061584171999,36.8909879707014,14,0
7.962072844310212,7.8775095993338216,26.382009464865114,20,0
5.232252063599988,3.9351684992174087,36.57830948301355,14,1
8.037724259507192,6.818372745812075,20.740152694309852,3,1
5.8526206184364575,4.3530441085072615,31.92539756964106,10,1
5.325257964926397,3.8303027093155393,24.600176745754062,18,1
9.744427686266667,8.911280127862724,22.411337715545578,14,1
9.828160165372797,8.674679042602031,21.539064032584182,3,1
9.041986740582306,7.624838145758664,33.9257755175628,20,1
6.523068845866853,5.248597759850736,26.797499275361325,12,1
5.48836057003192,5.117338417417123,34.49533543057523,21,0
8.421165132560784,7.745348929595644,21.307126815978847,18,0
7.200762468698007,7.007023345970764,26.305806756612206,1,0
5.610191174223894,4.179114633335811,30.789825847506744,13,1
7.475884550556351,6.5666225988800315,35.81446329677927,3,1
5.171942605576092,4.828978397320898,26.3750500586414,15,0
9.546602010393912,8.539050983785126,32.517827528740185,20,1
6.293899908000085,5.366707547313241,37.71955496472374,19,1
8.31261142176991,7.7753673447206495,32.31726376364609,13,0
6.558555380447055,6.388218992147612,24.659189495072674,14,0
7.600340105889054,6.592980312499854,20.48801563113076,2,1
7.733551396716399,6.953089845360709,37.401977478018594,7,1
5.924272277627635,4.765794690024176,20.425388217007743,15,1
9.847923138822793,9.067677887154803,37.49403345368399,9,1
8.875664116805574,7.597391866327763,30.578742680544238,3,1
9.697494707820946,8.869634449659218,38.781353970257925,17,1
9.474136752138243,8.632729794835164,35.97566471547331,1,1
7.989499894055426,6.674519490067908,39.95868221066675,16,1
9.609371175115584,9.004146875796987,27.014236309034203,12,0
5.442462510259597,5.241439667583636,35.34376577862254,3,0
5.979914312095726,5.936740297625717,28.03861827218484,10,0
5.22613644455269,4.093430561042261,29.597512406078177,6,1
6.626651653816322,5.6961873267861245,32.5501092643674,11,1
6.94338644844741,5.887266796298575,37.47354228372677,9,1
6.356745158869479,6.0372989166061135,39.681669383985906,6,0
9.143687545759647,8.939130332379493,35.36546827729036,12,0
6.7837666334679465,6.761949634966124,28.355335643346677,6,0
6.404672548436904,5.878791210227008,28.427140045541403,23,0
7.713480415791242,6.828603885509292,34.75164603177783,16,1
5.704621124873813,5.1162550572242145,24.775542915366046,9,0
9.010984903770199,8.354772520734604,22.209482262627894,9,0
5.372753218398854,4.016515176658231,27.09244315281553,23,1
9.934434683002586,9.412051482467636,25.744779833081637,3,0
8.861223846483288,8.090239612743572,25.9261624091198,19,1
5.993578407670862,4.818098888559147,24.672155020998197,3,1
5.027610585618012,4.432796412136106,20.84186379272724,21,0
9.07730714227417,8.14417709193236,20.357478694668277,6,1
8.534286719238086,7.240741156117968,39.75444779472063,21,1
8.645035840204937,7.220754904718474,28.555462674717248,0,1
8.85635173342973,8.635741512036173,27.686532943193633,11,0
5.3702232586704515,3.98034182092821,33.5929456538614,23,1
6.792328642721364,6.0541542031020565,24.365077757301282,12,1
5.579345297625649,5.191978715177211,38.99922367900451,9,0
9.315517129377968,8.626813495020576,35.72690028831104,14,0
8.11649063413779,6.646441771209575,21.78822004624519,12,1
6.654490124263246,5.915562983273942,28.35161551569857,22,1
5.317791751430118,4.824664335998856,37.58236615124329,21,0
6.554911608578311,5.604810327103222,38.8946404458282,21,1
6.625916610133736,6.265698181966446,29.348030224997395,20,0
8.64803089169032,8.534235899527324,32.268227784214154,21,0
8.187787356776067,7.994467773910093,23.340678921841505,8,0
9.436063712881634,9.243994954444975,39.82337252273953,8,0
7.361074625809747,7.133220585541305,24.63343402766887,14,0
5.597971229691509,5.389730470717393,38.85463548270251,9,0
8.566223936114975,7.6049118189101526,32.99293297984737,23,1
8.803925243084487,8.53110511648577,32.15473589757718,9,0
7.806385987847481,7.287885062861686,30.25377022033017,7,0
8.854835899772805,7.509653284913787,24.61339623435517,23,1
7.468977981821954,6.7580355214276455,23.530560640110167,15,1
7.61366414690997,6.6123275391284295,24.409724181403508,16,1
7.137705091792748,6.879225284990303,23.72876524288509,4,0
5.127095633720476,4.83866210550747,35.591689471335066,3,0
5.539457134966522,5.478154210566804,27.002505183334602,17,0
5.157145928433671,4.903743333825425,21.156853531267927,23,0
8.182052056318902,7.764166547770964,39.38205260281623,18,0
6.571779905381634,6.306264178966513,37.67571769926852,3,0
7.542853455823514,7.409799655187931,38.55504566390426,6,0
9.537832369630465,9.356878562979563,39.8981564529287,9,0
6.246461145744375,5.555292993695286,23.477904984389745,17,0
7.051914615178148,6.74241403756946,27.924840378053176,18,0
8.777755692715242,8.231350901143129,35.164769514081826,3,0
6.143990827458112,5.388864921175827,33.92041236107585,9,1
5.384899549143965,4.349307306199917,23.0779181267971,0,1
6.44875726456884,6.389789054807192,36.31666249981235,22,0
5.8061064362700225,4.606990837906459,24.488811436733215,17,1
9.648488261712865,8.706637677476504,24.47635229645246,4,1
9.040601897822086,8.917963349898777,30.73948845786827,14,0
8.167018782552118,6.856650846391952,31.858798696834064,16,1
9.357302950938589,7.975994350140869,31.601724156756223,2,1
9.018360384495573,8.926743444713278,21.829736747955096,11,0
5.932850294430179,5.517533822209374,37.549217252607605,1,0
9.46279499244989,8.253493072760298,25.312000851774123,0,1
7.696711209578254,6.574321674002766,22.590298425656083,22,1
9.037200775820313,8.760419246785748,37.774961597379544,20,0
9.480456499617466,9.166432514612401,39.11302996459507,16,0
6.590017374859319,6.034309220672246,37.24255234530901,21,0
5.550259622638384,4.823475144851852,36.19032149449756,15,1
6.139675812709708,5.212293655414264,33.10483961278044,4,1
7.135538943131282,6.5821684837766234,31.017147412182787,14,0
9.090073829612464,8.396271755412743,21.739735198228203,2,0
9.303652916281717,8.182446509081082,28.169064261413972,6,1
5.034760652655954,4.979735848320057,27.45377034024628,10,0
7.553736512887829,7.175081096371798,25.195075675206525,9,0
7.0870550157438945,6.017030636917066,34.4684022737717,8,1
6.110539052353651,4.767728795822853,29.917514701575417,13,1
5.599326836668414,4.831810673494915,21.62092431815296,12,1
6.68807585701814,5.889905629120166,24.403664038996226,1,1
9.714548519562596,9.553790502552932,33.66517527319192,2,0
6.616014660103776,5.944896109868594,21.522617189806002,6,0
7.59395310871683,6.795027209034295,37.02413828097538,20,1
8.515094794475889,8.151389039023794,29.902930540279485,17,0
6.81814801189647,6.414283165472399,29.61173154653296,2,0
9.858910413604804,9.29298416894787,31.84815569319035,9,0
9.812236474710556,9.782129678043965,36.49361931850298,21,0
6.258911479126821,5.775792730752054,26.95618415804386,6,0
7.4862425294619275,7.169070518967111,33.56032305118127,8,0
6.504391549083849,6.013145520816977,31.314639279915824,16,0
6.424202471887338,6.244559274158462,25.340565403388425,10,0
5.184434736772664,3.8486438156628213,37.57259972710316,6,1
8.047821669899484,7.157432989568411,35.948520432138565,23,1
7.5133951161443076,6.494741637427573,33.16903669316851,13,1
5.257393756249947,4.07363689833894,37.011634581884834,18,1
6.393232321183057,5.645569022789472,37.34588401919605,3,1
9.541329429833269,9.410948997702134,34.1672595343007,5,0
6.197809453334862,5.392149640607041,36.74026656727344,9,1
5.7244743604561155,4.8442126834247965,33.94942923338567,6,1
7.447263801387815,6.329104590111321,33.60281543520601,12,1
9.928252270553003,9.280762951208484,32.372227564303685,13,0
6.210276357557502,6.018905903364157,35.054332791152824,3,0
8.360677737029393,7.935013878331306,23.172102105861473,7,0
8.808098076643589,8.263474632045636,37.617415183978565,4,0
6.188187719961999,5.2193118579645965,37.436870554904644,0,1
8.641081743059297,7.78491428605593,20.584945660691183,3,1
6.838915663596266,6.304770574749496,36.516335011295254,2,0
8.161529152967898,6.681756279778428,22.577397349468903,8,1
8.167648553804474,7.258986324769143,26.70237708518284,7,1
7.678873420373792,7.3230332327698004,34.87016512583216,0,0
5.451448850272041,5.2987751413414355,23.215197920966165,5,0
9.17651247794619,8.947223769169693,36.35934048238124,8,0
6.603900324858679,6.2349637322819165,36.64268355915484,6,0
5.932592551999271,5.691570492109937,30.149354675216724,3,0
5.20387570777382,4.9240251716968615,20.12771743433667,12,0
7.954464715941209,7.5268219629004385,25.740762663498256,16,0
8.387821809211413,8.127761416269282,32.33853836751484,1,0
5.082939144639281,3.737791007699643,39.62372356054847,4,1
7.560465291496405,7.440114673003941,32.63627054033337,11,0
6.1324788759896895,5.345711791634308,25.196071621283195,20,1
8.225863952047249,7.610268711562757,32.68011406199223,7,0
5.871832145024957,4.398264219662048,30.79970759431711,5,1
8.45468869051233,8.286630337260252,35.596907903022874,7,0
6.933676731502687,6.336893332934075,22.139612776539167,17,0
9.683649943683672,8.22944429377062,35.22055805004056,2,1
5.687604720729967,4.389344031888996,30.825331573522206,21,1
6.705331755251293,5.479723648827373,39.25984007717989,11,1
5.567367606202946,5.1805133656355355,26.837443320773723,2,0
9.623468091392814,9.367136710307715,32.652437862678966,21,0
9.386696766904905,8.383731937018258,38.64056211020035,5,1
6.289708138575778,4.895644154884399,22.050194559813583,1,1
8.299920230170894,7.4647758906499995,38.74456974472902,22,1
9.08611100100608,8.228691966801229,33.757714446016266,11,1
7.776004057997312,7.356035417506886,21.356741182103438,1,0
7.648252891780032,6.494013491992127,26.019271338936324,5,1
6.209261454502259,5.928695831665974,34.16344177290563,16,0
5.465513839029496,4.979994984423131,21.347012029375435,2,0
9.486078789766633,8.847924131842008,31.643409203525465,1,0
9.502090285816653,8.74067471778997,26.917661139059135,22,1
8.16550728636634,7.80189268774372,32.41831035534954,19,0
6.6951489552435035,6.522893718134698,20.914840676250257,7,0
6.746047873063304,5.830117809400855,37.430736123047524,21,1
8.629778394351197,8.196832564490814,39.46977938354794,11,0
9.485551299762886,8.613693967628967,39.377557105713834,3,1
9.435432121325587,9.203888048414283,34.9930366348585,4,0
8.899377729288119,8.177667576505893,22.60172480261264,12,1
8.21015823077144,7.41127408194406,35.16526391858045,14,1
5.4206998249752445,5.342964519741604,20.49173832917603,22,0
5.808143570473069,5.303237153182188,20.442471030579945,15,0
9.492770942635396,9.291148927226935,26.472204382990824,9,0
8.03214529829795,7.937082842588798,29.772863808093316,22,0
5.045985258083149,3.561044909498231,35.40814835615586,15,1
5.50735771433016,5.023826946868076,33.665907532130106,11,0
8.317508845540278,7.102697176758325,28.918054127534965,16,1
5.025307919231094,4.643346937085448,25.472533325633318,15,0
5.804040257087493,4.781786173751599,39.94249000315422,11,1
7.743668946832931,6.603327156998401,28.523626044719457,7,1
8.459475988463467,7.5660178775517,29.02774048659351,19,1
8.259806297513002,7.552442014687765,23.272476423833382,2,1
6.1213465473027995,5.503585176081897,35.89619097499859,15,0
8.56089610673768,8.037593706923186,33.87364451562977,12,0
6.186245437484001,4.7919517211122615,24.41539225577521,22,1
6.626998490796339,5.381069379114745,21.647620912316853,18,1
8.73245702559012,7.284916659590351,33.60998604149426,7,1
8.248164495236074,8.061718660007756,33.0902242856227,21,0
9.24611705247089,8.149815839665424,25.465190539964187,4,1
8.288064461501717,6.88055377627016,39.0172712450082,19,1
7.841543016677358,7.5696934174288675,23.021157835618006,7,0
5.468373839140463,5.368629438090297,28.64669602085204,23,0
6.838579015297167,5.7268980413620785,38.872318403351976,11,1
6.326011838408627,5.46430216863876,28.394546338522446,0,1
6.219948216895418,4.9572050517580095,32.77051895328171,20,1
9.865052773762228,9.655394208822793,27.951887959255885,19,0
6.965488623333802,5.772587655543967,25.4843040469734,5,1
9.460232775885567,9.15779179581395,39.67955295919656,21,0
8.155693129986314,7.9102092156877575,28.18668012630086,17,0
8.974056517708242,8.727657820811752,37.881984073582686,7,0
7.513185465525961,6.291323385178888,24.599092117821723,6,1
7.884519423131795,6.886723592087495,24.262094080501665,0,1
7.462588469094319,6.67799033194064,20.622681657690226,20,1
5.976214938990222,5.437969212804968,33.0333365075177,15,0
8.612260576307527,7.296459765087865,27.370526874475225,11,1
6.403861812204279,5.815194151070326,37.28716499679274,5,0
5.121579832157269,3.8966806729499033,29.464198133831143,19,1
8.227361479535839,7.568659116680511,39.363868558294435,1,0
5.8855533970352445,5.320136752897883,23.71051031406242,13,0
9.70229292176457,9.008273243260161,37.37246335911222,3,0
9.769642885012937,9.317576073766723,35.53193705583483,0,0
9.574321951102242,8.452907880837865,35.41843689288104,22,1
6.850793501277222,6.096712916138503,36.89566456233776,17,1
5.077283082644337,4.7289640399241115,35.22047981885998,12,0
9.641592812938626,8.292230953026774,32.52440643262831,1,1
7.140920741586571,6.565083909526754,22.624897553647752,8,0
9.833274095218348,9.017944803547365,20.65052358982504,20,1
9.818099885446264,8.458391718999444,38.41695695631374,1,1
9.265047277336802,8.328690283465814,32.33300629041476,8,1
6.4722444603479286,6.296897399285382,35.93074581952352,0,0
6.9254886430096265,5.515740457589414,29.630447030251002,10,1
9.255683357584285,8.314121277977158,22.346163779247888,2,1
6.584610025781388,6.0822516037957595,22.50371584405101,19,0
5.847463733430462,5.638555624435382,33.71130574457943,22,0
7.784006312291751,6.592968528386307,28.606117897989254,3,1
9.680773870803904,8.750664736911133,24.010494534006735,17,1
8.480148983374864,7.679957345410382,29.83189093482874,22,1
7.850305850446825,6.509466975870389,21.284178741502682,5,1
5.485882468853843,4.302986652017047,31.639428038287974,2,1
8.07503613349585,7.847523813896723,25.379868088701954,21,0
9.950269250521316,9.482686148827995,35.951182012743764,10,0
5.7004200761826205,5.327686366460922,26.207239178471475,14,0
7.591648261818683,6.475728822959668,29.104402981636024,21,1
9.386865359639778,9.33656670753611,20.232410798162014,4,0
8.703843088771022,7.849008561464046,21.448937755891176,19,1
8.48507870497634,7.341390676365304,27.849871128133696,9,1
8.512420419935546,7.197271964792922,29.59877669434247,11,1
6.797455756098776,6.284333133024915,32.00041096238607,14,0
6.467959221322467,5.236073264314447,25.833251574186065,16,1
9.046805777392567,8.880858171959757,33.899637722530855,9,0
9.050566973395904,7.780888535794126,37.202447943784094,5,1
9.335361592900519,9.144128599402546,35.597019777867,17,0
9.566202762782357,8.970271826941806,20.792376506967145,12,0
7.556711994304689,6.360768945635359,29.610138945156578,2,1
7.507581473435998,7.282705332412838,22.098603568363497,23,0
8.991475894833876,8.647598801984914,24.84090031725055,9,0
8.249819653888826,7.166440801299227,39.73325186534293,13,1
8.509834386288517,7.429779581469406,22.849910858030263,5,1
8.978963347180505,8.017241897852559,29.97776306902712,2,1
9.450026709087831,8.409104042387181,32.36311468636238,15,1
6.689975784257679,5.875889119236285,34.04929941088208,6,1
6.87791476319972,6.500216174839291,31.192973669738283,19,0
5.469909699204345,4.951365708948466,20.195416948383674,13,0
7.89140070498087,7.619004129778731,26.529226164879837,8,0
5.17971136898371,3.817035526983268,30.35423286769423,14,1
7.327990090662301,6.45290239851312,21.757329982896668,20,1
7.713223173537883,7.111946048392423,27.012538624183616,2,0
6.432706260641422,5.739697555175223,20.664062175827333,1,0
7.954166302845054,6.533241293427331,21.571569943100414,1,1
5.152501249695247,4.922474145021126,27.93846552403192,2,0
5.186740943746072,4.307396195720876,22.654315080861206,17,1
9.113002803298292,8.354169784971592,31.35081696523116,13,1
6.800953207056315,5.883771853904343,33.78929938274531,19,1
5.635302563259424,5.608137287528163,36.01173398218165,17,0
7.611216300274021,6.303030436857794,24.0030048848962,9,1
8.849967765493055,7.451790341767636,23.349651645181396,1,1
6.079105137484216,5.231405362100403,22.091356806688005,21,1
8.114452379095,7.069476143279662,32.72860499087273,0,1
5.42673732496884,4.042988253202897,34.129514529738024,3,1
5.258408605843038,4.19755065437294,20.63172289651284,13,1
7.65677315784074,7.427964593469348,38.7242449248738,0,0
7.7031756080505325,6.838743067800313,21.03942567302945,13,1
8.187149507491032,7.277076937916748,30.82592670602141,15,1
8.630456668613308,7.9942606616597285,34.18121038901833,21,0
9.879260397312674,8.77459404387559,37.41938247492171,13,1
7.581501741505976,6.1799512193524535,34.281738642648556,19,1
6.61478236470623,5.226429595346065,36.03456166139584,2,1
8.975930973843518,8.299671916737319,26.78900385085612,2,0
6.3541612563103715,6.184304187549238,36.29650227493025,8,0
7.1948571035281805,5.717595305084679,21.6022969276935,5,1
5.39228190671133,4.133934777042429,37.89633312121055,12,1
5.126753717077287,4.939759695272387,30.951847523074726,20,0
9.813242073389626,8.431979249463566,36.345955399249874,1,1
9.17990060256103,7.875056059467838,29.046365690366002,7,1
8.479871030468491,7.701613944779383,32.8715539039305,20,1
7.044764722071349,6.157851568453955,30.528053218722263,1,1
5.866471600354229,5.267967544549034,34.63179043510664,3,0
5.78218521335543,5.700042755122383,21.63259964061179,14,0
6.251214490822976,5.748418628354125,21.207041679811276,3,0
7.746133323530602,6.541853150633584,24.94206468020293,12,1
8.572979613500312,8.566031578993409,23.190893602263767,11,0
8.300986883588656,7.80073812605194,37.435671331844034,12,0
6.399669484729714,5.802416444343299,24.384279747160885,13,0
9.774326403315971,8.968232998909087,39.51730511638263,19,1
8.689484583478842,7.309701158859702,26.737915835422136,17,1
7.771770262557004,7.2522512710080616,23.642358313773986,5,0
8.058603731171761,7.53817392832742,35.79397014284958,10,0
7.09800031213895,5.9917484399743275,33.17415551001752,1,1
6.238654947505787,5.560328036171076,29.96391432906278,22,0
6.779863393256308,6.442956158846335,31.107271018752627,18,0
8.789230552321845,8.110571278122805,34.384035565445274,18,0
5.071967443148779,4.8606819125790794,24.569094826625975,4,0
5.580363202534581,5.315782722775246,39.92667832113484,18,0
5.230013210108764,4.4824615509995445,39.49586324293566,1,1
5.203644011594851,4.575255837338029,33.006513726938735,9,0
9.277302920055035,7.905034068452885,23.990849018582903,1,1
8.518289296900118,7.974698448225168,33.60456484862583,10,0
7.370869145436626,6.499986620019561,21.443968179583518,17,1
5.489170803255007,4.540774371375711,20.61305004411612,23,1
7.458079375584162,7.438437690701662,25.153657770224275,14,0
7.367358853902829,6.372052795877763,29.252459134786328,8,1
5.866009349550076,5.598955399245449,37.36545010816761,22,0
7.169258246189865,5.727652769985682,34.543381395326165,18,1
6.992523671986867,6.769529580357198,34.85413042399962,8,0
8.079250490261082,7.457314304670546,28.50986668896151,2,0
8.175468254338218,8.047443752220254,26.91869985093926,20,0
5.226520048860222,3.7312086710913013,27.420775259692054,8,1
6.873063073132356,6.119770557635492,39.752991274721154,13,1
8.129299578571182,7.236222052591116,20.80218382824965,18,1
7.515681292900439,7.4150665768177975,37.34062992244897,6,0
9.28244920594161,8.157508500342843,31.57350817144787,15,1
8.293468158094726,7.978609768451347,28.77230838379181,15,0
5.8146721354071484,4.467590701246078,34.50515320830273,0,1
5.352843737002149,5.045134276279138,29.733378828494057,3,0
8.212096391031578,7.9260648100360775,37.468464761633214,3,0
5.132556552708109,5.077732050935967,38.01403728022517,6,0
7.928877906367316,7.220777488702318,28.434418537469107,7,1
9.701151207124788,8.853889507230864,25.536555944701032,16,1
7.877370889379395,7.778807930236867,31.847006571867244,4,0
6.940849631032609,5.777558205990093,38.24726691233382,6,1
8.216441092211767,7.536507840089725,24.21324378011333,19,0
7.291264452457583,6.504679048466214,32.45933167126965,19,1
7.728083946579675,7.066939826172333,32.63120440185041,3,0
9.707324043882625,9.106179452569636,34.66226044830562,5,0
6.930513189003872,6.091052692041544,22.631353702545198,6,1
9.805952819119572,9.573092450223504,34.31649929364177,17,0
9.526753209780319,9.253861014037412,38.18065041331282,4,0
5.978955673946482,4.686277242426206,23.593662177404838,19,1
5.346806504375827,3.927633311175378,24.750866498477553,2,1
5.503890006887133,4.943926032467504,39.42790188083279,6,0
5.091109128257749,4.684992118542418,23.619539054189794,21,0
5.472214803779642,4.506215488921119,37.08770186739159,13,1
8.415033867081785,7.8019326104346405,29.845557128960696,6,0
5.355943242301145,5.317863708810628,24.94462148806354,4,0
6.594878151468807,6.3606492554195215,37.41499802545023,21,0
9.224376554847272,8.150418211576175,28.90610510005331,4,1
5.116359678679129,4.127973765813902,30.296347078593804,22,1
9.072342412944678,9.031698424189454,27.18466738799531,1,0
6.409273873867,6.076315630967576,31.85901702869855,20,0
5.590824138108282,5.2442119432261745,23.270477451700454,21,0
8.483685826820754,7.475846711422661,27.821630733035214,5,1
8.14471423389942,8.115148427267874,39.38824644670575,14,0
9.387360067635264,9.231197194658403,25.16266865402255,20,0
8.67535521901943,7.475481090959645,33.13473329082584,9,1
9.017404651924242,8.749587658842742,26.503801284493896,22,0
6.410172862856532,5.43105370107872,35.46946251373201,23,1
5.887197718898614,5.529923547328524,22.617473214366996,6,0
8.753073758204291,8.603911669065273,39.39642090157089,4,0
9.034173696336321,8.66941540983714,29.075790827672783,0,0
9.952525710003368,8.869125312219879,24.72100926692928,12,1
7.063088384557132,5.779543682397704,21.469934946600254,20,1
6.860090428963916,5.614760632113429,23.395158101750816,17,1
8.882064803709984,8.286289509282302,30.395478971120355,12,0
6.704017701265089,5.70188999640912,26.740063528625726,20,1
9.653786628017823,9.346310184894092,36.577667317652185,20,0
9.29206375921506,8.85234216382354,28.617750473236118,17,0
7.1449701368750915,5.800466409093412,24.9742854517526,4,1
8.754355338957486,8.734852453691383,32.3428997320806,12,0
8.772714370423412,8.64445157414171,34.135544337708914,3,0
5.5156193441796635,5.203789961460623,23.340838158018997,16,0
9.512764533397833,9.472966227587104,23.35238432576635,2,0
7.526261862239286,7.25410870960459,20.73342853867086,16,0
9.13228733053871,8.25772498908417,34.72804030131281,10,1
6.600248005153059,5.968111179264312,33.2760905524361,20,0
9.477616142481002,8.13860857586554,29.492617514996276,19,1
6.946008393670816,5.719843051063155,36.883408979383944,22,1
5.054188257401492,4.5414622298546785,36.113403059001065,20,0
9.52690988209632,9.137774731949381,31.707087287935042,3,0
5.456433383930667,4.886894771679767,37.36542561026518,1,0
6.596568187952075,5.711125774179863,24.116824200735365,19,1
9.750309835254026,9.348214374019712,22.23839238795456,15,0
9.753035734687781,8.81681237291408,25.394992230339792,17,1
7.86718944061643,7.253071962329569,21.141737121786296,7,0
8.159186060848995,7.3311152895710245,30.62339056002064,2,1
7.242227609891598,6.588037816188623,38.73211384589923,8,0
6.466053858490323,6.024355219177447,20.786870813370193,19,0
6.64332272684958,5.220642766406345,22.442198280200536,5,1
8.362592280385192,7.2171835891455505,29.043980565668704,9,1
8.761872647188401,8.551702883538722,38.6775003505581,20,0
8.957895218629243,7.655193254782374,26.32312209953501,9,1
8.94809071397277,8.216943916598499,30.144696173767848,12,1
5.456030515243452,4.1142021749023145,20.831457181007842,16,1
7.472101523512907,6.272318639591934,22.966864019241775,8,1
5.287793800083222,4.649973543379371,39.73260245917694,16,0
7.747644411618678,7.7139404491385015,39.30237392872091,23,0
7.207652506866885,6.804636467789466,20.098799618688194,8,0
9.4385209137915,8.6260695918002,39.03623570846478,8,1
6.754575062760393,5.804357733021172,32.78239875631001,0,1
5.585335082138029,5.198503553988226,37.35836589040044,1,0
5.714958410264179,5.505924299154943,29.09479711267718,15,0
8.80755315858736,7.555157803388412,30.311920571585006,0,1
8.091090316581305,6.614487045525976,29.776931605138405,9,1
5.505613380613951,4.717078107159923,33.337285150922085,17,1
5.420534030574987,5.163015101802531,22.793025095126257,7,0
8.5048456572956,8.096384667516547,20.59947179745356,20,0
5.363815031820968,5.336229016999768,26.158598831823817,10,0
9.109300296451782,7.737852086611033,34.09361525473294,22,1
8.531211135782481,8.35458451144727,24.037069042458967,1,0
5.406743903209499,4.5419691899381185,33.468648666498346,7,1
5.42418857042596,5.013105739395151,39.398240922145405,21,0
9.933197892505877,9.101930888732188,21.878014315788366,7,1
6.8713539787806015,5.894223396252805,33.452042364502525,16,1
6.8532107353344545,5.608598029773652,28.875004386091423,14,1
9.063997836287513,8.754365928646608,37.362845087550106,16,0
9.736242886919293,9.719749143931573,23.542995788947717,22,0
9.930005319114354,9.724676874011143,33.85251904452329,23,0
8.766890926294709,7.416862963522551,36.76230579296221,12,1
6.881297927654579,5.570462811310806,38.892284389480466,18,1
5.417503583493344,4.5213839302378815,33.66496056579292,4,1
8.885734579637184,7.984959288986704,29.94349528016855,11,1
7.792021248679025,6.794466236859642,32.35694480402428,0,1
7.1211100462348815,6.858053128299707,37.37809968957436,22,0
9.53177192547368,8.160154006586241,31.412194932776593,4,1
5.555987411530757,4.927831624192647,20.607741193936736,7,0
7.4631255214542955,6.888417729080049,38.61897391013956,12,0
5.0567682238370955,4.278391665912839,33.790535020631225,7,1
7.343303209970632,7.2728542598080494,33.53026771554493,22,0
5.2815163784091865,5.032091325275068,24.31350304795434,10,0
5.594089581340359,4.487039156700804,33.17770940465314,0,1
5.587631233885524,5.4634332319978345,27.877288113083168,12,0
8.246051510580319,7.341323346380737,33.024659540829845,18,1
8.730224396327117,8.362200731805135,22.131860606159815,23,0
7.916843825485798,7.332900404422833,33.15690609206072,2,0
9.81086274237271,9.37782213721666,39.98827451541333,23,0
6.87435289761852,6.340843822921096,20.96424077721112,16,0
6.428560431409304,5.349991573632936,39.54348368442635,4,1
9.3429956409473,8.897313067512538,28.13815921445741,19,0
6.117979192597263,5.268372232151917,37.415069006745185,20,1
9.816112697203057,9.102037093904407,35.647709681165466,7,1
5.0607723734490815,4.065265625405109,31.340325219733355,13,1
9.849394133538194,8.444149524551058,34.76898418502653,3,1
5.215799559752881,4.116941413937505,37.57031122602696,10,1
9.455715568490355,9.133305000604219,28.082806433020657,19,0
7.638505545431499,7.5917308428395724,26.540663231264773,14,0
9.964823980596503,9.571427914146765,33.351867711271694,18,0
5.368982823676994,4.4763659276266115,36.15691883882517,6,1
7.769271422006604,7.692132701780229,35.245702695532316,18,0
9.846512678095495,9.10196330729364,35.95627297717269,18,1
7.615489220850744,6.72022494747541,28.71166629625866,10,1
8.146993190676312,7.6456273544508715,36.35668432350043,4,0
8.478743444923087,7.322375139304354,22.404181107412168,4,1
7.272705323838866,7.112807944138209,30.88978195921699,21,0
8.137790400420318,8.025083727816606,20.115173209962432,7,0
7.921571559615501,6.829288425310096,26.491716598005404,9,1
9.505790052454945,8.762553078145647,27.32923069742796,5,1
5.227231901707289,4.194628307065685,27.923453832185107,14,1
6.4048159479611515,5.752574940055532,33.90934413379725,15,0
9.752057420382794,9.382454370524133,27.771162025406916,16,0
9.451318919454582,8.222665442943283,28.973872452450614,7,1
7.278283763928565,6.079159945475096,24.75088261748655,7,1
8.100662989007684,7.058618282726044,27.4650358325868,8,1
6.386905914905663,5.978688209060719,24.545392545263027,1,0
5.940605798618806,5.055259798315175,21.46391847536887,14,1
7.318492024699911,6.77703117928987,32.06897186762756,17,0
6.766761140130264,6.629388030140312,33.36425597110033,2,0
7.91828055925436,6.542310196060996,32.38980692019229,16,1
5.388673184824924,5.183445238446482,29.26988087601145,3,0
9.871974038330833,8.44661800759963,27.595715603584594,3,1
9.931053722398016,9.262045062961082,37.26667299143651,13,0
