Timestamp,Flow_Inlet (L/min),Flow_Outlet (L/min)
2024-01-01 00:00:00,22.651381250974357,18.68823525460177
2024-01-01 00:10:00,22.58705919995452,21.87758232701687
2024-01-01 00:20:00,22.892859990828697,22.59180297274337
2024-01-01 00:30:00,21.944177705928343,20.273641335733803
2024-01-01 00:40:00,24.048202146054344,19.796096354263028
2024-01-01 00:50:00,20.69762480130308,17.065649654153944
2024-01-01 01:00:00,21.423513388626386,18.973167639076355
2024-01-01 01:10:00,23.487637789288666,21.745979718577214
2024-01-01 01:20:00,24.740804853028074,20.615346829939785
2024-01-01 01:30:00,22.673091908005304,17.92844773506785
2024-01-01 01:40:00,21.264765019662786,18.769139898556038
2024-01-01 01:50:00,20.688272002833013,19.31442814448452
2024-01-01 02:00:00,21.36586922110581,20.228112428258232
2024-01-01 02:10:00,21.546822365207824,21.462466685202862
2024-01-01 02:20:00,21.95654000752524,18.240986916791105
2024-01-01 02:30:00,24.66546959817343,24.239740922132157
2024-01-01 02:40:00,20.583056871635474,18.91980241349546
2024-01-01 02:50:00,22.96091377558741,20.4044352544371
2024-01-01 03:00:00,24.93165308869427,22.747766584084314
2024-01-01 03:10:00,23.5174101144048,22.67944508904535
2024-01-01 03:20:00,20.007403515690612,19.940988844117538
2024-01-01 03:30:00,20.809330215390183,19.515452465605826
2024-01-01 03:40:00,24.24730024425105,19.26228133078225
2024-01-01 03:50:00,21.016427030511082,20.138537968735456
2024-01-01 04:00:00,21.79309697731853,21.75030254128758
2024-01-01 04:10:00,23.429372778396047,19.943291968215718
2024-01-01 04:20:00,21.84026686457319,21.564547120191897
2024-01-01 04:30:00,22.14300038756264,20.446501515791024
2024-01-01 04:40:00,20.93387173705984,18.869523178274477
2024-01-01 04:50:00,22.86486977256501,20.234217202699295
2024-01-01 05:00:00,23.015311341060567,20.495740943466647
2024-01-01 05:10:00,21.444425258403268,20.904676241942994
2024-01-01 05:20:00,23.98006899472342,21.64516201251139
2024-01-01 05:30:00,21.312449251048573,19.606794661228584
2024-01-01 05:40:00,21.537225453826398,17.006293809911714
2024-01-01 05:50:00,23.14525854611161,22.708690102994
2024-01-01 06:00:00,24.572936455068213,21.981047030548815
2024-01-01 06:10:00,21.236981410545386,18.65992026861024
2024-01-01 06:20:00,21.53444599534147,21.204547186339767
2024-01-01 06:30:00,24.76795052883201,21.838965925029857
2024-01-01 06:40:00,24.012929819067978,21.81390843374448
2024-01-01 06:50:00,22.854977633081166,18.198721023178127
2024-01-01 07:00:00,20.59675669378378,16.88507528746353
2024-01-01 07:10:00,24.447133412264925,22.5988812103744
2024-01-01 07:20:00,22.80993981536241,20.347274907325463
2024-01-01 07:30:00,21.030594261899562,18.750138868959855
2024-01-01 07:40:00,20.887204110386897,20.29050313101797
2024-01-01 07:50:00,22.449887629826684,19.989716996521402
2024-01-01 08:00:00,20.476846703048796,16.93058981591277
2024-01-01 08:10:00,22.952688086863816,18.01129411747691
2024-01-01 08:20:00,21.497983595479223,16.692537345651996
2024-01-01 08:30:00,21.878182634826658,17.262385648641114
2024-01-01 08:40:00,22.537236301190998,19.000188531714116
2024-01-01 08:50:00,22.646525387445386,17.792172335238575
2024-01-01 09:00:00,21.67037118921409,17.74786863854008
2024-01-01 09:10:00,24.980146090034406,21.494014599543334
2024-01-01 09:20:00,24.771346906770674,20.762781426470575
2024-01-01 09:30:00,21.633595938247353,21.12169370644579
2024-01-01 09:40:00,21.24160339451495,19.49274023782707
2024-01-01 09:50:00,21.375031590297866,18.586088550490903
2024-01-01 10:00:00,23.156971826087972,22.059184700857976
2024-01-01 10:10:00,21.333748116105873,16.58395131360805
2024-01-01 10:20:00,23.720651994381804,20.14887739898228
2024-01-01 10:30:00,22.089804783449864,18.937207142584107
2024-01-01 10:40:00,24.65427095358057,23.627480816178334
2024-01-01 10:50:00,23.08582443190612,22.813384033900586
2024-01-01 11:00:00,24.316543826014374,22.566321068358782
2024-01-01 11:10:00,22.94227873955445,21.352415130764484
2024-01-01 11:20:00,22.871259770117373,21.373572383785284
2024-01-01 11:30:00,21.172590415344658,21.056732540962226
2024-01-01 11:40:00,20.86232435705019,16.411813795021867
2024-01-01 11:50:00,22.88874174991613,21.337461833459514
2024-01-01 12:00:00,24.058784795846094,23.05501261321321
2024-01-01 12:10:00,24.429039326533278,21.663082628343982
2024-01-01 12:20:00,24.424817228120393,22.77456639771087
2024-01-01 12:30:00,20.09202867182454,19.27460156038569
2024-01-01 12:40:00,21.150983238156805,16.91515839299171
2024-01-01 12:50:00,21.57732912956459,17.970783755518173
2024-01-01 13:00:00,20.51442362918205,19.379349253563753
2024-01-01 13:10:00,21.507192597897316,17.07350959977158
2024-01-01 13:20:00,23.065279997855097,19.391020773730148
2024-01-01 13:30:00,22.76068039516143,19.84403607552082
2024-01-01 13:40:00,21.573500154874928,17.231827906980346
2024-01-01 13:50:00,21.853344402639102,18.98584695425161
2024-01-01 14:00:00,22.0865693738922,17.271239283052463
2024-01-01 14:10:00,22.15220351068066,19.65832823486748
2024-01-01 14:20:00,20.826007790855062,20.769420272614994
2024-01-01 14:30:00,22.116531311044376,17.901639889176092
2024-01-01 14:40:00,23.44968285351118,21.850954072246626
2024-01-01 14:50:00,24.213438962982035,20.61830588336894
2024-01-01 15:00:00,22.23361814001304,17.686165613068695
2024-01-01 15:10:00,24.397953027464588,22.331899150807963
2024-01-01 15:20:00,21.812381094410696,19.301149403577814
2024-01-01 15:30:00,20.679995484317217,17.79455739718547
2024-01-01 15:40:00,21.97967247945509,20.802672422255725
2024-01-01 15:50:00,20.259334405388866,19.972134179179704
2024-01-01 16:00:00,21.286126482137803,18.193761425445246
2024-01-01 16:10:00,20.2924905018364,20.21791331145682
2024-01-01 16:20:00,20.137435856920273,19.813967455091237
2024-01-01 16:30:00,21.97921485148076,20.806268348476333
2024-01-01 16:40:00,23.325708974859804,18.730173490862434
2024-01-01 16:50:00,23.43058048774605,21.55184099994042
2024-01-01 17:00:00,23.832547018073328,22.546359048534512
2024-01-01 17:10:00,20.162201921335864,17.688047485046546
2024-01-01 17:20:00,22.856606600557697,17.89205911668779
2024-01-01 17:30:00,22.69982321315924,21.668686257388526
2024-01-01 17:40:00,22.188925203561922,17.595566463812993
2024-01-01 17:50:00,20.601098814258233,19.374690902728886
2024-01-01 18:00:00,22.307848163792357,19.711873554738215
2024-01-01 18:10:00,20.124608964037837,15.265113864691465
2024-01-01 18:20:00,24.8163166132912,20.588839324432254
2024-01-01 18:30:00,23.099231392414282,21.05070145190766
2024-01-01 18:40:00,21.071343856091737,17.439969324159474
2024-01-01 18:50:00,21.332483463217912,16.462290865134513
2024-01-01 19:00:00,21.618000920778666,20.25755956503542
2024-01-01 19:10:00,22.133506000958022,19.06396591037572
2024-01-01 19:20:00,23.49091751789718,20.700267196664843
2024-01-01 19:30:00,24.717501210187574,23.360960797370563
2024-01-01 19:40:00,20.757148974953687,17.23537541003803
2024-01-01 19:50:00,22.96012481958376,21.913222453298665
2024-01-01 20:00:00,20.56163124531852,19.59863422900234
2024-01-01 20:10:00,23.037570359544798,22.817604541414067
2024-01-01 20:20:00,23.884446249812477,22.393214659259808
2024-01-01 20:30:00,20.64411708333949,16.101947352887596
2024-01-01 20:40:00,20.127109162814907,15.531969193019949
2024-01-01 20:50:00,22.798773338321155,19.477925228135135
2024-01-01 21:00:00,21.819321715865442,21.47506082293541
2024-01-01 21:10:00,24.545444348932087,20.809790254704872
2024-01-01 21:20:00,22.481980460522553,21.84000778568448
2024-01-01 21:30:00,21.409987700385454,16.579596498201248
2024-01-01 21:40:00,22.906825670226848,20.266460125515305
2024-01-01 21:50:00,20.620824839262365,16.428436605333584
2024-01-01 22:00:00,24.729752277137344,23.968599115515822
2024-01-01 22:10:00,23.599141094912355,22.405769657810914
2024-01-01 22:20:00,23.562911741355943,20.670390322173013
2024-01-01 22:30:00,20.426933946183464,19.544671960096473
2024-01-01 22:40:00,20.543646589834406,16.379318281218147
2024-01-01 22:50:00,22.933315796065212,20.216697457023457
2024-01-01 23:00:00,21.981368620481742,18.802428065986703
2024-01-01 23:10:00,23.823278216745415,21.99164643421896
2024-01-01 23:20:00,20.568176016083562,17.15948160574446
2024-01-01 23:30:00,22.09409061851867,20.985826628635543
2024-01-01 23:40:00,22.263127505111818,21.56685807794991
2024-01-01 23:50:00,23.83970767606964,22.84042362359409
2024-01-02 00:00:00,23.76113528278877,19.594572139972072
2024-01-02 00:10:00,24.987434378013308,20.66176144125504
2024-01-02 00:20:00,23.56651097039862,18.590438243796775
2024-01-02 00:30:00,21.986378472089115,20.990868671947727
2024-01-02 00:40:00,24.565589201945883,19.76055634518775
2024-01-02 00:50:00,22.708612875565315,22.621774828137482
2024-01-02 01:00:00,21.839521368895532,20.30227621983353
2024-01-02 01:10:00,20.300560806024887,17.108553879626115
2024-01-02 01:20:00,23.7617511347987,20.33139652594137
2024-01-02 01:30:00,23.463039037903485,19.177119955428875
2024-01-02 01:40:00,23.504804335995996,21.187508676353175
2024-01-02 01:50:00,24.51901503548639,22.096395732565174
2024-01-02 02:00:00,20.094580502679843,16.650466726557077
2024-01-02 02:10:00,23.51976261442601,22.739047260357403
2024-01-02 02:20:00,21.45047767467778,16.610001669460814
2024-01-02 02:30:00,23.42611281095068,20.550287542912187
2024-01-02 02:40:00,24.180805603892267,19.90314821983988
2024-01-02 02:50:00,24.1030111770134,23.98543000416997
2024-01-02 03:00:00,24.700458016310993,22.78171487154925
2024-01-02 03:10:00,23.958116766456353,23.940971110732132
2024-01-02 03:20:00,20.550878845131354,18.09049711715462
2024-01-02 03:30:00,24.271535951359752,21.285502428721383
2024-01-02 03:40:00,21.856384325914977,18.97626393761678
2024-01-02 03:50:00,21.43861492156345,20.72697194048866
2024-01-02 04:00:00,20.22374829703677,18.068196563358764
2024-01-02 04:10:00,22.09728665378068,19.39062935575939
2024-01-02 04:20:00,24.611401559847398,23.378135483828565
2024-01-02 04:30:00,23.778774769673042,20.760322751984972
2024-01-02 04:40:00,20.13540945725949,16.69630492270314
2024-01-02 04:50:00,22.92250391054219,18.430542483885688
2024-01-02 05:00:00,24.568007179670268,23.645402642253945
2024-01-02 05:10:00,21.995350710376048,19.53986170523213
2024-01-02 05:20:00,21.30516405929406,18.118860085164005
2024-01-02 05:30:00,20.91976506989105,18.853928447532528
2024-01-02 05:40:00,20.1518438854627,18.06224671638209
2024-01-02 05:50:00,20.398742279466457,17.58670997588671
2024-01-02 06:00:00,24.94500885746581,24.209224463641313
2024-01-02 06:10:00,24.997308398476168,22.48474254807609
2024-01-02 06:20:00,20.965148122159842,17.14115956581383
2024-01-02 06:30:00,24.15423977135924,22.42464155358259
2024-01-02 06:40:00,20.51984056306122,17.09492885419302
2024-01-02 06:50:00,21.171294010202235,17.280409248608876
2024-01-02 07:00:00,21.106136435850537,20.433977842099974
2024-01-02 07:10:00,21.55473387102852,18.729118223034128
2024-01-02 07:20:00,23.002348296595926,20.0494686077624
2024-01-02 07:30:00,20.03652144459386,16.49787327377041
2024-01-02 07:40:00,20.489372520819757,17.772961358571106
2024-01-02 07:50:00,23.05943240000495,19.71977532223854
2024-01-02 08:00:00,24.914248940457274,21.474243883753374
2024-01-02 08:10:00,20.59444899372369,15.812230484121638
2024-01-02 08:20:00,22.15459032059032,21.047753631196258
2024-01-02 08:30:00,23.100672750314803,20.146796931445284
2024-01-02 08:40:00,22.284593313031504,22.237947745494775
2024-01-02 08:50:00,23.068588458745545,18.848041770736415
2024-01-02 09:00:00,21.498044050422635,17.262224194023794
2024-01-02 09:10:00,23.964602153274367,19.47827964812983
2024-01-02 09:20:00,23.436530925426585,21.213138560219406
2024-01-02 09:30:00,23.09706048101701,20.70334828586988
2024-01-02 09:40:00,21.731294141938733,21.3314080849385
2024-01-02 09:50:00,22.700978771302204,22.453717194235317
2024-01-02 10:00:00,24.196634797711845,21.766951726750634
2024-01-02 10:10:00,21.60893238411487,21.19357117743906
2024-01-02 10:20:00,21.221508786576496,20.1519628119598
2024-01-02 10:30:00,20.953972122982787,17.877197221980484
2024-01-02 10:40:00,24.77575321757522,23.578982976824474
2024-01-02 10:50:00,20.64489375597755,20.282093248964436
2024-01-02 11:00:00,24.485814184944573,21.62751573724846
2024-01-02 11:10:00,21.53290050035672,20.954879500529316
2024-01-02 11:20:00,22.228551823363684,18.81142742207904
2024-01-02 11:30:00,20.060895686823823,15.585686953446423
2024-01-02 11:40:00,24.12626638656461,19.19765384070453
2024-01-02 11:50:00,22.578437352760144,19.16407935047254
2024-01-02 12:00:00,22.048483380126417,18.425086568189826
2024-01-02 12:10:00,20.186256066590403,17.01500717198264
2024-01-02 12:20:00,21.21196504138703,19.213720648261276
2024-01-02 12:30:00,20.285391474663427,17.70306811147927
2024-01-02 12:40:00,23.70106373209226,19.1389151618193
2024-01-02 12:50:00,23.53341119216513,22.446686480064436
2024-01-02 13:00:00,21.489616982478207,20.617798370095805
2024-01-02 13:10:00,21.654497640385436,16.797584676390525
2024-01-02 13:20:00,24.191405324033287,22.184650162555876
2024-01-02 13:30:00,24.56083057234581,23.23047984775025
2024-01-02 13:40:00,21.49624444267268,21.299384761128604
2024-01-02 13:50:00,22.551370144290104,19.54865751079694
2024-01-02 14:00:00,22.50533880553357,18.660827479090667
2024-01-02 14:10:00,21.56132994730537,17.169651410228276
2024-01-02 14:20:00,23.356136939712428,18.829725751950654
2024-01-02 14:30:00,24.924347686010695,22.575576810572024
2024-01-02 14:40:00,20.014333481099577,19.422942109229115
2024-01-02 14:50:00,22.013337735154625,18.77564368989957
2024-01-02 15:00:00,24.528802383791398,24.212759164933704
2024-01-02 15:10:00,22.167102060351375,18.097067539772542
2024-01-02 15:20:00,22.045506824723784,17.7528637919478
2024-01-02 15:30:00,24.71581623306365,24.65081624970076
2024-01-02 15:40:00,23.3118065841802,23.256474501999104
2024-01-02 15:50:00,20.211538112187892,19.703525742747104
2024-01-02 16:00:00,23.677130832146567,22.72784574739341
2024-01-02 16:10:00,22.964554433038057,20.160937886109696
2024-01-02 16:20:00,20.168985070728336,15.510972884985028
2024-01-02 16:30:00,20.640560005447544,15.773643864224889
2024-01-02 16:40:00,22.284448514531668,17.802157352887033
2024-01-02 16:50:00,20.515392478189586,18.815905909994125
2024-01-02 17:00:00,22.072564699378724,17.09290351831644
2024-01-02 17:10:00,21.51365283998982,17.945189846775335
2024-01-02 17:20:00,20.376051901490786,18.865002999210276
2024-01-02 17:30:00,22.196132457993652,21.083359038401348
2024-01-02 17:40:00,23.91563528836884,22.703638150539213
2024-01-02 17:50:00,20.465947693491437,17.957369746408865
2024-01-02 18:00:00,24.327493239075714,19.335335723879638
2024-01-02 18:10:00,23.866745919443197,21.82654501685292
2024-01-02 18:20:00,23.69767674844787,20.403083586455036
2024-01-02 18:30:00,21.02844187391703,17.31997714940005
2024-01-02 18:40:00,20.22972322548219,19.54343337659802
2024-01-02 18:50:00,21.49258118459016,19.914534515105498
2024-01-02 19:00:00,24.145589304096333,20.384648591259495
2024-01-02 19:10:00,20.97128888734529,18.2408985478398
2024-01-02 19:20:00,20.764936944196144,16.348050529969278
2024-01-02 19:30:00,20.542786743821203,20.386501403454677
2024-01-02 19:40:00,24.384469747767,23.654226263924897
2024-01-02 19:50:00,24.333606100486477,19.731864293957248
2024-01-02 20:00:00,20.208800606453757,15.761590286886658
2024-01-02 20:10:00,24.03111784058204,22.086333606720316
2024-01-02 20:20:00,21.60868255647675,17.72330009514532
2024-01-02 20:30:00,21.220483832093763,18.57601072464154
2024-01-02 20:40:00,22.29760716986436,19.264612670207043
2024-01-02 20:50:00,24.5684038951297,22.18170788333944
2024-01-02 21:00:00,21.728759282301503,21.155461584017
2024-01-02 21:10:00,21.03269808794891,17.959914810940052
2024-01-02 21:20:00,24.374786125559147,20.708398801305766
2024-01-02 21:30:00,21.65573580831566,19.236663229911024
2024-01-02 21:40:00,22.805815690571876,20.011445413744088
2024-01-02 21:50:00,21.134326731833113,16.992482762172028
2024-01-02 22:00:00,23.97026453001257,23.92428237488628
2024-01-02 22:10:00,23.295231514960836,18.330262103256217
2024-01-02 22:20:00,22.227259437486296,19.773614486986443
2024-01-02 22:30:00,22.822848978827942,21.25010606448341
2024-01-02 22:40:00,23.099977310008292,20.880572972525535
2024-01-02 22:50:00,23.800371928845056,23.66721891890762
2024-01-02 23:00:00,22.908297354887992,20.973323181798893
2024-01-02 23:10:00,22.82813118947512,22.38054771017132
2024-01-02 23:20:00,24.931215972017934,22.977671750651663
2024-01-02 23:30:00,21.456345881623715,18.342129728255372
2024-01-02 23:40:00,20.85470799306068,18.995280182202826
2024-01-02 23:50:00,20.309080000036133,18.20799738412626
2024-01-03 00:00:00,20.356745309449135,19.988909470476383
2024-01-03 00:10:00,23.919122654411808,23.433998920880423
2024-01-03 00:20:00,20.193364471922003,17.28265009506199
2024-01-03 00:30:00,23.14438889277767,22.757632452230553
2024-01-03 00:40:00,24.58665880412185,22.620815395760424
2024-01-03 00:50:00,23.369340117909452,19.69327497642861
2024-01-03 01:00:00,21.137578124466753,17.813237385469765
2024-01-03 01:10:00,21.541692090953866,19.72158999789585
2024-01-03 01:20:00,22.753965258682154,21.160728935627528
2024-01-03 01:30:00,24.533207170897327,24.36618983907121
2024-01-03 01:40:00,20.997079521128835,18.54333623964734
2024-01-03 01:50:00,22.285222672484878,20.360054879577138
2024-01-03 02:00:00,24.595069957994866,22.64582433513649
2024-01-03 02:10:00,24.741483852879064,23.744915151459708
2024-01-03 02:20:00,24.400313108915576,22.555076363351436
2024-01-03 02:30:00,22.224485034232632,18.893463422034817
2024-01-03 02:40:00,21.337165829012715,20.03089049832764
2024-01-03 02:50:00,24.525091780729753,22.184806459871712
2024-01-03 03:00:00,24.753798156257673,21.364482810113724
2024-01-03 03:10:00,22.74328606453552,22.542412153288993
2024-01-03 03:20:00,21.20257917845966,19.844338290224492
2024-01-03 03:30:00,20.230218291982926,18.037532247515713
2024-01-03 03:40:00,23.278977755120025,22.105901198672946
2024-01-03 03:50:00,24.319743168998095,24.251482930138668
2024-01-03 04:00:00,23.011774916089855,19.285465294958136
2024-01-03 04:10:00,20.43127880555235,17.36174406942528
2024-01-03 04:20:00,23.663057257070268,21.702882863324728
2024-01-03 04:30:00,22.51125576269731,19.064067218256966
2024-01-03 04:40:00,20.984473706631455,17.345877815993134
2024-01-03 04:50:00,21.24938895004157,19.403375864570656
2024-01-03 05:00:00,24.86051636037537,20.23125138162884
2024-01-03 05:10:00,21.12995739117671,18.822132284960084
2024-01-03 05:20:00,21.021268833736944,20.22440653989958
2024-01-03 05:30:00,23.174270843819816,19.4235682323942
2024-01-03 05:40:00,20.43560084728364,19.655498170941314
2024-01-03 05:50:00,23.022635538304986,20.598394119167683
2024-01-03 06:00:00,23.688453967045618,19.248034694800474
2024-01-03 06:10:00,21.626454989459045,18.83216214194154
2024-01-03 06:20:00,24.453102859010336,20.42667100264002
2024-01-03 06:30:00,24.849584500210323,23.67811048047292
2024-01-03 06:40:00,24.181281871389352,19.21090259456735
2024-01-03 06:50:00,20.467001682267853,15.871856734464657
2024-01-03 07:00:00,24.967267620946863,20.501379704698174
2024-01-03 07:10:00,23.17236736717919,22.73285667810626
2024-01-03 07:20:00,24.29468771225503,21.282153393178202
2024-01-03 07:30:00,24.225678159337782,22.414948112818536
2024-01-03 07:40:00,21.137165196787823,20.95386987810991
2024-01-03 07:50:00,21.46306745371192,18.521106215031022
2024-01-03 08:00:00,23.95684973790503,22.121776308947148
2024-01-03 08:10:00,23.13987007801112,18.181852751501708
2024-01-03 08:20:00,24.645104110346352,24.074603521159297
2024-01-03 08:30:00,23.964492590989423,23.5675805372757
2024-01-03 08:40:00,24.486911090271075,20.23589854265725
2024-01-03 08:50:00,22.181640217556605,20.692965913142068
2024-01-03 09:00:00,24.887176874178458,22.48382774583726
2024-01-03 09:10:00,22.099315705993952,20.163304665239625
2024-01-03 09:20:00,21.217621495712134,16.967235342042407
2024-01-03 09:30:00,23.26008740999835,20.961118011415007
2024-01-03 09:40:00,21.040506829482503,20.0575030667493
2024-01-03 09:50:00,22.82473737447048,21.34608397939173
2024-01-03 10:00:00,22.27511036458637,19.253860103651256
2024-01-03 10:10:00,20.887127011206704,18.81721356676224
2024-01-03 10:20:00,22.454453440241195,17.70432339359579
2024-01-03 10:30:00,22.075992670963757,20.144109893718507
2024-01-03 10:40:00,20.48547160387813,15.98859851021611
2024-01-03 10:50:00,23.71434326469386,22.728788669396977
2024-01-03 11:00:00,22.692486677527317,19.608256538320475
2024-01-03 11:10:00,22.223297530457693,19.589017557263784
2024-01-03 11:20:00,24.17092897340107,20.928073305339495
2024-01-03 11:30:00,22.65920937371819,21.732485711176583
2024-01-03 11:40:00,23.600881353400815,22.731269910769242
2024-01-03 11:50:00,24.933014222731714,23.80612252523114
2024-01-03 12:00:00,20.332242940864035,16.599342237635362
2024-01-03 12:10:00,22.982327578754216,18.161461139787917
2024-01-03 12:20:00,21.38937726930888,18.62217486856621
2024-01-03 12:30:00,23.14938133340372,19.266282501598074
2024-01-03 12:40:00,23.47519604727782,20.599703731786903
2024-01-03 12:50:00,21.183681812589523,16.872378096051182
2024-01-03 13:00:00,22.042897285296583,20.747150315140185
2024-01-03 13:10:00,20.149094214240968,19.898252273320598
2024-01-03 13:20:00,24.73281925030513,24.03672052012293
2024-01-03 13:30:00,22.576705571252177,18.01468232984767
2024-01-03 13:40:00,22.28421511744691,18.02660711548807
2024-01-03 13:50:00,23.477231746833723,19.164987576016095
2024-01-03 14:00:00,23.68430633791565,21.968932793691963
2024-01-03 14:10:00,23.072454610579126,20.45411051712313
2024-01-03 14:20:00,22.94709237898098,18.4926001709551
2024-01-03 14:30:00,21.27137339292107,19.616565925531685
2024-01-03 14:40:00,20.72996876410666,17.436285401996006
2024-01-03 14:50:00,22.816445711679993,18.85356993583439
2024-01-03 15:00:00,20.423638293471015,19.42983379132355
2024-01-03 15:10:00,23.724602252208438,19.52467342443021
2024-01-03 15:20:00,23.988013809773665,21.09279994716162
2024-01-03 15:30:00,22.72384913653697,19.22671465000773
2024-01-03 15:40:00,22.167350196265584,21.163623601518587
2024-01-03 15:50:00,22.478702210278435,19.10086500999766
2024-01-03 16:00:00,20.144632826303607,16.244644758436632
2024-01-03 16:10:00,24.26246552020048,20.50445550546275
2024-01-03 16:20:00,20.299812214455358,16.931346529271558
2024-01-03 16:30:00,20.143275316334865,19.459699796192034
2024-01-03 16:40:00,23.92648436506188,20.723138820836237
2024-01-03 16:50:00,20.106309200418107,15.336927708684714
2024-01-03 17:00:00,22.225699471182487,19.445565278226105
2024-01-03 17:10:00,21.003396048339916,19.544233109363844
2024-01-03 17:20:00,20.948073286976626,20.570723783161533
2024-01-03 17:30:00,20.205390109972996,15.570258260036017
2024-01-03 17:40:00,23.820271472358286,22.58886334169119
2024-01-03 17:50:00,23.032363494295154,22.49435961797267
2024-01-03 18:00:00,24.096083494626537,23.39151292357715
2024-01-03 18:10:00,22.205368284351145,17.935745363233597
2024-01-03 18:20:00,20.621430629433867,17.76555163286931
2024-01-03 18:30:00,24.202930753346493,21.82617944155294
2024-01-03 18:40:00,24.050023689228965,23.01666861018952
2024-01-03 18:50:00,24.49442200092382,21.798049031692248
2024-01-03 19:00:00,24.30795273331367,21.62626291086959
2024-01-03 19:10:00,23.663713563131548,22.90572310261173
2024-01-03 19:20:00,21.597932822921116,19.504841383847854
2024-01-03 19:30:00,20.40533802736439,18.26764410168194
2024-01-03 19:40:00,20.915076458850976,20.89437987523911
2024-01-03 19:50:00,21.872824497972193,20.694730672828754
2024-01-03 20:00:00,22.76795502968103,19.91907919106891
2024-01-03 20:10:00,24.620785325129688,21.57741475988145
2024-01-03 20:20:00,20.02373844847255,18.185882651193594
2024-01-03 20:30:00,23.182030099833234,20.49382482095366
2024-01-03 20:40:00,20.655791517275723,18.74479894886858
2024-01-03 20:50:00,21.012880839195716,16.651155627882574
2024-01-03 21:00:00,21.772847108615085,17.16658666942081
2024-01-03 21:10:00,20.710232137719554,19.01063839351715
2024-01-03 21:20:00,23.13450241371176,18.93262488746409
2024-01-03 21:30:00,23.36860529024937,18.422561599959828
2024-01-03 21:40:00,22.408116800204724,18.513919291436444
2024-01-03 21:50:00,20.9775116835286,17.591245560063367
2024-01-03 22:00:00,24.372189508638446,21.032778384922896
2024-01-03 22:10:00,21.18550833220877,18.30693057923167
2024-01-03 22:20:00,20.861169959033564,19.418923781266642
2024-01-03 22:30:00,21.419907925038146,18.050043388484116
2024-01-03 22:40:00,20.24195890016665,19.93518805182549
2024-01-03 22:50:00,22.848233615473184,19.817523423466753
2024-01-03 23:00:00,22.22492046084404,19.870590027147706
2024-01-03 23:10:00,24.47398333380074,20.255905445758234
2024-01-03 23:20:00,23.715283102075908,20.216867426103573
2024-01-03 23:30:00,22.887826302642665,18.78000645063673
2024-01-03 23:40:00,21.378063744349447,19.29891604292485
2024-01-03 23:50:00,20.95577343632758,16.90472617559218
2024-01-04 00:00:00,23.195508093453245,21.8099209223431
2024-01-04 00:10:00,23.686496072606126,19.32673233505474
2024-01-04 00:20:00,23.588813968685077,18.937678823658874
2024-01-04 00:30:00,23.446669687708315,20.342241824527786
2024-01-04 00:40:00,24.29004248729887,21.41839771416473
2024-01-04 00:50:00,22.43889769086888,20.267221515496352
2024-01-04 01:00:00,22.713912227897296,18.386090737248985
2024-01-04 01:10:00,20.213126261260086,18.196861736907337
2024-01-04 01:20:00,22.589187641943656,18.311473911385626
2024-01-04 01:30:00,24.157538638086354,21.4599999899455
2024-01-04 01:40:00,21.24494510417321,20.90187464423147
2024-01-04 01:50:00,20.87010460663767,17.86750463212394
2024-01-04 02:00:00,24.710107393414063,23.81753774533212
2024-01-04 02:10:00,20.788717512032385,18.320415410826573
2024-01-04 02:20:00,20.37198879227539,17.77483180648228
2024-01-04 02:30:00,22.78546005849,18.954928514407676
2024-01-04 02:40:00,22.58331161592714,21.350961818213563
2024-01-04 02:50:00,22.61724425658474,18.22812127306795
2024-01-04 03:00:00,20.837617133617645,16.903107533795673
2024-01-04 03:10:00,23.52712571462086,19.98648206939402
2024-01-04 03:20:00,20.843746119590804,18.764148747171628
2024-01-04 03:30:00,24.42143809876314,19.45409985009978
2024-01-04 03:40:00,21.927756627195617,19.14248699900981
2024-01-04 03:50:00,24.37685047478812,19.74880628567358
2024-01-04 04:00:00,22.247061515460597,17.702332813983737
2024-01-04 04:10:00,21.17171411040847,17.381253386795407
2024-01-04 04:20:00,23.197229222352075,20.338201327789353
2024-01-04 04:30:00,22.203605278868203,21.29350968159671
2024-01-04 04:40:00,23.23622761489693,22.51946723144543
2024-01-04 04:50:00,22.859462765213145,20.69018392188457
2024-01-04 05:00:00,20.572858622819773,20.469270856559614
2024-01-04 05:10:00,22.271564263779638,18.019823038095804
2024-01-04 05:20:00,22.489241540458682,19.121176291741456
2024-01-04 05:30:00,20.740322146042246,16.90511773475891
2024-01-04 05:40:00,23.366391037638365,23.15663778273168
2024-01-04 05:50:00,20.25837526718198,17.280020884438713
2024-01-04 06:00:00,23.29818599037528,22.177544278136317
2024-01-04 06:10:00,23.494874497409,19.182552393717536
2024-01-04 06:20:00,21.23575631244133,18.08063591632226
2024-01-04 06:30:00,23.788558269944133,20.57503863375357
2024-01-04 06:40:00,22.544025414062276,21.234899912539674
2024-01-04 06:50:00,21.735617333338414,18.119439119801296
2024-01-04 07:00:00,24.67524000623336,24.404495499555477
2024-01-04 07:10:00,20.705421114371546,17.96401713990996
2024-01-04 07:20:00,24.681118828624218,24.309635950380756
2024-01-04 07:30:00,20.090033639539573,18.458708909511145
2024-01-04 07:40:00,24.475295290852266,22.36770112894817
2024-01-04 07:50:00,22.577912182365974,20.977879027388305
2024-01-04 08:00:00,24.187106714314382,19.537453735219106
2024-01-04 08:10:00,23.965506699878578,23.064485944506746
2024-01-04 08:20:00,22.875427528797378,21.234599624727316
2024-01-04 08:30:00,21.991177346918928,18.606238462214172
2024-01-04 08:40:00,21.902772358015916,18.402416324844108
2024-01-04 08:50:00,20.429229415577762,16.017247646640392
2024-01-04 09:00:00,20.229594361747882,20.14368211985889
2024-01-04 09:10:00,23.58333471955183,23.467037243410232
2024-01-04 09:20:00,20.89900002750996,20.182558177490396
2024-01-04 09:30:00,24.945389030539737,24.21497462551178
2024-01-04 09:40:00,21.505595387139024,17.891978789361843
2024-01-04 09:50:00,24.0309280236224,23.047104686170805
2024-01-04 10:00:00,21.347752636322046,16.92712064875107
2024-01-04 10:10:00,22.785899177817,22.60291316656896
2024-01-04 10:20:00,23.319527771434974,22.2481493501563
2024-01-04 10:30:00,23.270174197126895,21.65209792000191
2024-01-04 10:40:00,21.259243986752924,18.910409872397715
2024-01-04 10:50:00,21.94280734435386,20.896553429379065
2024-01-04 11:00:00,22.57735850916156,18.609911331670876
2024-01-04 11:10:00,24.253409989954775,21.632424455552787
2024-01-04 11:20:00,20.02135899382278,19.181705535052387
2024-01-04 11:30:00,20.892205092774624,18.976672373294978
2024-01-04 11:40:00,20.333532442190936,18.546033172494187
2024-01-04 11:50:00,21.58946430257116,20.155772537373686
2024-01-04 12:00:00,20.52963359831623,20.07789407544779
2024-01-04 12:10:00,21.66030678048964,18.498478513288415
2024-01-04 12:20:00,23.54088929624636,19.915290419880463
2024-01-04 12:30:00,23.776990386662355,23.36525282395044
2024-01-04 12:40:00,24.260554462228427,21.322716852933116
2024-01-04 12:50:00,23.74728332889765,19.103191586021822
2024-01-04 13:00:00,22.680825883737654,19.793959867560975
2024-01-04 13:10:00,20.884519705441058,18.854783590196245
2024-01-04 13:20:00,23.413616860760165,20.978145712463405
2024-01-04 13:30:00,24.674790710415216,21.605842404683603
2024-01-04 13:40:00,21.749406191113227,18.24194441833217
2024-01-04 13:50:00,24.122013585646883,23.85402187881448
2024-01-04 14:00:00,20.005709796813658,16.588229079517077
2024-01-04 14:10:00,22.21116690559654,21.77845561107366
2024-01-04 14:20:00,21.230776610697443,17.893105979137786
2024-01-04 14:30:00,21.618574820287357,18.58373966552756
2024-01-04 14:40:00,20.15064395524228,16.536101814608074
2024-01-04 14:50:00,24.359975426743098,23.309427701458233
2024-01-04 15:00:00,21.341511355082027,17.41469678865404
2024-01-04 15:10:00,23.64596914711072,23.181223512578555
2024-01-04 15:20:00,24.706651715657536,20.01190568481027
2024-01-04 15:30:00,23.841227509638752,23.29183942502681
2024-01-04 15:40:00,23.33344336167084,19.26566970570027
2024-01-04 15:50:00,20.772696851405133,20.66828417504607
2024-01-04 16:00:00,22.355685139407953,18.777324548109657
2024-01-04 16:10:00,23.636057523174877,19.57064732888833
2024-01-04 16:20:00,20.156638964803644,17.87885832397969
2024-01-04 16:30:00,21.14931597219018,20.802296450122036
2024-01-04 16:40:00,21.38390486941111,17.15517275991238
2024-01-04 16:50:00,22.844400439173768,18.3195122891268
2024-01-04 17:00:00,22.955550150068138,20.740197585774837
2024-01-04 17:10:00,22.64619934559608,20.888583971126092
2024-01-04 17:20:00,23.91065175872741,23.108634785862606
2024-01-04 17:30:00,20.805552446552372,18.224764836086653
2024-01-04 17:40:00,24.988545555001167,20.841396150168872
2024-01-04 17:50:00,21.78859855196679,19.199856832625635
2024-01-04 18:00:00,20.99080268752858,18.56499286863608
2024-01-04 18:10:00,20.423623400005134,17.008377312491703
2024-01-04 18:20:00,23.908072002483905,23.655358115921988
2024-01-04 18:30:00,23.539340354360043,23.156843913902286
2024-01-04 18:40:00,22.54054497007905,20.101961171600003
2024-01-04 18:50:00,22.588031666672844,17.740220682535757
2024-01-04 19:00:00,23.833246914712085,19.12468572396361
2024-01-04 19:10:00,21.0099906405552,19.080174688604124
2024-01-04 19:20:00,24.327277414943225,23.700076170628186
2024-01-04 19:30:00,21.880904969655802,17.324928572649213
2024-01-04 19:40:00,22.13603512575999,21.183179726379368
2024-01-04 19:50:00,23.22631556621645,20.850470286460418
2024-01-04 20:00:00,20.53502139176863,19.009671936298556
2024-01-04 20:10:00,21.552688176673154,20.692924929233893
2024-01-04 20:20:00,21.096656393482196,18.268824949534284
2024-01-04 20:30:00,24.65740047932981,23.49392539134373
2024-01-04 20:40:00,20.190869018741758,15.537160825149325
2024-01-04 20:50:00,20.90802669386731,18.204784330855542
2024-01-04 21:00:00,20.773005126239692,19.48562235900567
2024-01-04 21:10:00,22.063989660942923,19.217838051811754
2024-01-04 21:20:00,21.339252559012383,17.361743422461387
2024-01-04 21:30:00,22.22981149229603,17.50157690560828
2024-01-04 21:40:00,24.147184065519216,19.406849493542524
2024-01-04 21:50:00,24.07787409805648,19.22942125775989
2024-01-04 22:00:00,23.832038067665255,19.611004447154205
2024-01-04 22:10:00,24.547937773766307,22.00731903126228
2024-01-04 22:20:00,22.569828562994758,17.708104438216388
2024-01-04 22:30:00,23.54164131188075,19.194316066112435
2024-01-04 22:40:00,24.758313330750987,23.706326871783045
2024-01-04 22:50:00,23.2698472945383,19.584357439589972
2024-01-04 23:00:00,21.677828016824822,17.09806401302299
2024-01-04 23:10:00,20.130976468137185,15.222087650103521
2024-01-04 23:20:00,20.18918705438625,17.373931890449896
2024-01-04 23:30:00,23.262267399092373,19.89447650301822
2024-01-04 23:40:00,22.69949046183104,20.78702347534563
2024-01-04 23:50:00,22.68520301399519,22.159199798212597
2024-01-05 00:00:00,22.575485674943177,22.342400207433673
2024-01-05 00:10:00,21.925110169150543,17.410291019416395
2024-01-05 00:20:00,24.403720007066124,22.47946153736881
2024-01-05 00:30:00,20.841063476340704,18.65414616332744
2024-01-05 00:40:00,20.419302788944687,19.033979028320918
2024-01-05 00:50:00,20.503632341744915,16.11787512451508
2024-01-05 01:00:00,22.21273619554775,22.15362356307227
2024-01-05 01:10:00,22.80135323486393,21.6850835792272
2024-01-05 01:20:00,20.286043871218098,17.372960812197096
2024-01-05 01:30:00,20.452050676598684,15.63675496415752
2024-01-05 01:40:00,24.6782185367788,19.901407891572696
2024-01-05 01:50:00,22.024790144726826,22.007124355306075
2024-01-05 02:00:00,22.471522145323558,21.111345827282246
2024-01-05 02:10:00,22.498652977554425,21.309802651804556
2024-01-05 02:20:00,20.384636768940073,18.7242767785655
2024-01-05 02:30:00,24.7779616309706,21.625143955214742
2024-01-05 02:40:00,22.563444886844263,18.426535418604665
2024-01-05 02:50:00,21.2477176264368,21.031177882426107
2024-01-05 03:00:00,23.701662326224422,22.60068839663542
2024-01-05 03:10:00,20.96254240052197,17.671963443358884
2024-01-05 03:20:00,22.919695197277225,19.31096656398859
2024-01-05 03:30:00,20.659288496366166,19.886318150908707
2024-01-05 03:40:00,20.233362094366978,15.513258939046345
2024-01-05 03:50:00,20.635862209433277,16.719022608903686
2024-01-05 04:00:00,21.2347957955151,19.485371029752613
2024-01-05 04:10:00,21.93579419957878,18.33522587563403
2024-01-05 04:20:00,22.284394410855136,17.363701598194528
2024-01-05 04:30:00,23.257729355105813,21.391155678071318
2024-01-05 04:40:00,21.03840844178777,19.983055777617867
2024-01-05 04:50:00,23.707107689349584,22.071603758941258
2024-01-05 05:00:00,22.97422706698368,21.147529843892794
2024-01-05 05:10:00,22.781109748651524,18.70976048033285
2024-01-05 05:20:00,24.194283707091355,20.855221625937855
2024-01-05 05:30:00,22.388810593298494,17.42500399928798
2024-01-05 05:40:00,24.79561299193052,24.555899941703974
2024-01-05 05:50:00,22.316320574366657,21.6371617581979
2024-01-05 06:00:00,22.38358564351656,20.838806718941637
2024-01-05 06:10:00,23.85754649127149,22.541480615471947
2024-01-05 06:20:00,20.246264944094385,16.040782211400987
2024-01-05 06:30:00,20.20108535319267,19.00562760449086
2024-01-05 06:40:00,24.768402863083647,23.602044610626024
2024-01-05 06:50:00,20.914011879145402,20.543818452432827
2024-01-05 07:00:00,22.77140638546026,19.88611670374558
2024-01-05 07:10:00,22.405596809191263,20.805213475826093
2024-01-05 07:20:00,23.439021630922447,19.49705134218452
2024-01-05 07:30:00,23.58707216304206,21.758813507070762
2024-01-05 07:40:00,24.153393743338853,21.832827267412537
2024-01-05 07:50:00,20.529866583160278,19.97038052391295
2024-01-05 08:00:00,20.420870219882612,17.981508200383843
2024-01-05 08:10:00,20.56285546420783,16.06203907878196
2024-01-05 08:20:00,21.975705291861434,20.52651839344356
2024-01-05 08:30:00,20.570308325083335,18.038316257112665
2024-01-05 08:40:00,24.962721739156496,23.68015847692883
2024-01-05 08:50:00,22.325293928510614,18.784441841094587
2024-01-05 09:00:00,20.007165575752754,18.87996754697795
2024-01-05 09:10:00,22.11796060137482,19.906251806785995
2024-01-05 09:20:00,21.934581836708038,18.709728753035336
2024-01-05 09:30:00,24.45083726472404,23.520586460570133
2024-01-05 09:40:00,21.793854198116062,17.221832771531943
2024-01-05 09:50:00,24.628625476418584,24.338108295584046
2024-01-05 10:00:00,23.812100081985395,22.614432534302157
2024-01-05 10:10:00,23.530483097583982,19.75883405545169
2024-01-05 10:20:00,22.592298735622652,20.06084429607398
2024-01-05 10:30:00,21.68617778844599,19.370317658532592
2024-01-05 10:40:00,23.01762944875204,20.814871579118567
2024-01-05 10:50:00,21.100618877350477,17.510107035489455
2024-01-05 11:00:00,23.819319171885873,21.137794925487302
2024-01-05 11:10:00,21.015330595580835,17.467665389957812
2024-01-05 11:20:00,23.344778371838004,22.47564466277929
2024-01-05 11:30:00,23.532547870004823,21.333615689363
2024-01-05 11:40:00,20.331427294757372,15.646558850033394
2024-01-05 11:50:00,23.591624584078424,20.18388053528374
2024-01-05 12:00:00,23.158741914086015,19.23205051352847
2024-01-05 12:10:00,23.904152569462166,23.7837648481006
2024-01-05 12:20:00,22.46634917006891,18.045275231182973
2024-01-05 12:30:00,21.99521477568768,17.857968978417055
2024-01-05 12:40:00,20.82126300324778,19.04548648871902
2024-01-05 12:50:00,24.068422246471684,20.449825305404197
2024-01-05 13:00:00,23.740400633256353,20.154317068981335
2024-01-05 13:10:00,21.100767467762548,19.127551307349925
2024-01-05 13:20:00,20.345711513777452,17.244337942040673
2024-01-05 13:30:00,22.554099107557306,21.88550136149965
2024-01-05 13:40:00,20.79890867148288,19.75190206581959
2024-01-05 13:50:00,20.48973589863525,16.053851817713245
2024-01-05 14:00:00,20.98543322594158,19.486867785354033
2024-01-05 14:10:00,22.28420213127609,18.560898694252007
2024-01-05 14:20:00,22.699579406157213,18.002296552583097
2024-01-05 14:30:00,23.55689732237121,19.55780172186199
2024-01-05 14:40:00,24.687315493837687,23.04685937924315
2024-01-05 14:50:00,23.6638619718191,19.36857019571233
2024-01-05 15:00:00,24.672153013229888,22.43692320993388
2024-01-05 15:10:00,20.406754756059318,20.2049301200833
2024-01-05 15:20:00,21.82347236911098,18.232927889137628
2024-01-05 15:30:00,22.916461665198263,18.426961694878713
2024-01-05 15:40:00,21.929606930703645,19.153527868645398
2024-01-05 15:50:00,23.651240346322687,21.11217812482206
2024-01-05 16:00:00,20.532888893676034,20.29723865112897
2024-01-05 16:10:00,24.078354123801695,20.77762342822529
2024-01-05 16:20:00,22.235191197949952,22.057835079824105
2024-01-05 16:30:00,23.803914318638274,22.048255688299168
2024-01-05 16:40:00,24.94074722310477,24.45751825519745
2024-01-05 16:50:00,24.12041220831867,21.180161821611218
2024-01-05 17:00:00,20.439776378792335,15.451702370109405
2024-01-05 17:10:00,21.824731014255857,17.89250089801591
2024-01-05 17:20:00,23.729937664982003,21.003266918074896
2024-01-05 17:30:00,23.434842192929374,20.030073595274075
2024-01-05 17:40:00,20.283776941544517,19.29870744307218
2024-01-05 17:50:00,24.13521279238278,23.730726995729714
2024-01-05 18:00:00,23.617761947024086,20.807788584493547
2024-01-05 18:10:00,22.613039250560146,18.35015971885832
2024-01-05 18:20:00,22.227634354605506,18.57442602835026
2024-01-05 18:30:00,20.236288770114143,19.341229538400395
2024-01-05 18:40:00,24.94325229678384,22.812036224108443
2024-01-05 18:50:00,22.32181304479051,18.46166756797086
2024-01-05 19:00:00,20.817681711766166,19.469423081578743
2024-01-05 19:10:00,22.02754758770276,21.23752047871379
2024-01-05 19:20:00,20.877247165675858,20.45829688044895
2024-01-05 19:30:00,23.276147491243595,22.743714105099286
2024-01-05 19:40:00,22.193053722837718,20.49618689547042
2024-01-05 19:50:00,22.556473042567525,19.0700689588152
2024-01-05 20:00:00,20.67464035045499,19.53101626691216
2024-01-05 20:10:00,24.225352693498323,23.742088213133883
2024-01-05 20:20:00,20.835821773002657,17.94094500361071
2024-01-05 20:30:00,24.699611827965516,23.40033660530437
2024-01-05 20:40:00,22.830063693436674,18.214011640035345
2024-01-05 20:50:00,22.101030007917654,18.997453268968442
2024-01-05 21:00:00,23.498126414021193,21.186797093532252
2024-01-05 21:10:00,20.219774434087803,17.51223673519308
2024-01-05 21:20:00,24.811601246900935,22.547610264527332
2024-01-05 21:30:00,24.33092926841729,19.84884638055184
2024-01-05 21:40:00,20.993328353487996,19.136483341435543
2024-01-05 21:50:00,24.685471277978216,21.755403983783765
2024-01-05 22:00:00,23.882628338025775,20.14580715516298
2024-01-05 22:10:00,21.684940285947167,18.355875741390644
2024-01-05 22:20:00,23.78910630513697,21.509943277334827
2024-01-05 22:30:00,20.05509561431611,15.268230407282957
2024-01-05 22:40:00,22.40977615334366,18.119642642744633
2024-01-05 22:50:00,23.703604914388393,21.556671767290428
2024-01-05 23:00:00,21.399316984900214,19.641656420684193
2024-01-05 23:10:00,20.871681991143447,20.74390669490446
2024-01-05 23:20:00,24.612640957383576,21.357418152277457
2024-01-05 23:30:00,22.669536448181983,19.495314274765015
2024-01-05 23:40:00,20.8156297398102,20.103198810417425
2024-01-05 23:50:00,22.505474489187925,17.5752391816968
2024-01-06 00:00:00,23.973152972019975,19.74962865043065
2024-01-06 00:10:00,23.42957500516566,19.371513999100923
2024-01-06 00:20:00,23.008132979007456,21.008415704877233
2024-01-06 00:30:00,24.924123149678294,23.221882943855263
2024-01-06 00:40:00,20.482923029017428,20.21752226682431
2024-01-06 00:50:00,23.371817801841427,20.705202261143732
2024-01-06 01:00:00,22.97922730915615,19.809376425381434
2024-01-06 01:10:00,24.071449605288677,19.572910734490637
2024-01-06 01:20:00,21.652680758047595,20.776266351062542
2024-01-06 01:30:00,21.881068858688685,19.132276247005834
2024-01-06 01:40:00,21.525487270995917,19.473210060394912
2024-01-06 01:50:00,21.5341245471125,18.436436040328807
2024-01-06 02:00:00,24.274587408892305,21.165599027911306
2024-01-06 02:10:00,24.782711439403478,22.762267379440345
2024-01-06 02:20:00,20.117810922781146,18.633804115883663
2024-01-06 02:30:00,22.583118651982655,21.791652912552927
2024-01-06 02:40:00,20.972140316898155,20.460373830062625
2024-01-06 02:50:00,23.96534676987055,21.057205689819533
2024-01-06 03:00:00,21.99015342440378,19.46990704878497
2024-01-06 03:10:00,24.123604122679776,19.87138041534181
2024-01-06 03:20:00,23.55892158644043,22.03930529783492
2024-01-06 03:30:00,20.835999372086814,18.31378110284938
2024-01-06 03:40:00,22.649819065891474,18.415249963576677
2024-01-06 03:50:00,22.064255334968635,21.051743963537103
2024-01-06 04:00:00,23.676880554679094,21.927499763251966
2024-01-06 04:10:00,20.129243882500802,17.619541858053978
2024-01-06 04:20:00,24.173221145664925,19.308645550546405
2024-01-06 04:30:00,20.237963488080936,16.051349216511852
2024-01-06 04:40:00,21.337946344489552,17.00351555713867
2024-01-06 04:50:00,22.091824890163764,20.110420459881244
2024-01-06 05:00:00,22.930256667209242,19.366067677614392
2024-01-06 05:10:00,20.029683427083082,16.6093942130195
2024-01-06 05:20:00,22.460513940734618,21.44705916119426
2024-01-06 05:30:00,21.359130903468934,19.19699739894846
2024-01-06 05:40:00,23.04598219929302,20.195286554871366
2024-01-06 05:50:00,20.161175538192552,15.52303891964298
2024-01-06 06:00:00,24.17575403340212,19.331105703224438
2024-01-06 06:10:00,23.688036924340384,18.75617919420396
2024-01-06 06:20:00,20.80293388373139,18.237781773308328
2024-01-06 06:30:00,20.241962246675346,18.37117239465258
2024-01-06 06:40:00,24.608250625568672,23.238071392981702
2024-01-06 06:50:00,21.488330883506276,18.201952594172205
2024-01-06 07:00:00,20.84723543341177,18.603537654358806
2024-01-06 07:10:00,20.490269995990158,19.468448915886945
2024-01-06 07:20:00,23.590800348574728,20.242588439846543
2024-01-06 07:30:00,24.62534321781689,22.570221794306143
2024-01-06 07:40:00,22.77268009762858,20.75205451691206
2024-01-06 07:50:00,23.68928331893297,19.319695359754068
2024-01-06 08:00:00,24.765661090560705,23.611849465359448
2024-01-06 08:10:00,23.481202330284674,19.063103115061793
2024-01-06 08:20:00,21.21786238166668,20.065939098396885
2024-01-06 08:30:00,22.089048541201052,20.722137358278562
2024-01-06 08:40:00,24.192338380708073,20.3665876801733
2024-01-06 08:50:00,22.830773399551994,20.72551614349651
2024-01-06 09:00:00,21.8045132246823,20.38320276858535
2024-01-06 09:10:00,24.258664619685543,22.3170174234087
2024-01-06 09:20:00,23.074867092285828,22.941342700724196
2024-01-06 09:30:00,20.58686954508134,16.070770029430946
2024-01-06 09:40:00,23.239068933217112,22.96810591835909
2024-01-06 09:50:00,21.189251701451553,19.35552961825609
2024-01-06 10:00:00,22.33559662991623,18.32493646689686
2024-01-06 10:10:00,24.663132503311758,22.514648088243458
2024-01-06 10:20:00,20.80125316121316,20.52577786106912
2024-01-06 10:30:00,21.693858484021135,18.986201986773192
2024-01-06 10:40:00,24.645135069738807,23.479871968750537
2024-01-06 10:50:00,22.34810488531783,22.142787271535674
2024-01-06 11:00:00,24.667986010578204,19.907952486826638
2024-01-06 11:10:00,22.022954162870068,18.801538376145622
2024-01-06 11:20:00,20.322605790120612,15.841223625872878
2024-01-06 11:30:00,23.013092291012697,18.296763689463432
2024-01-06 11:40:00,21.264792229102312,20.533046998570157
2024-01-06 11:50:00,22.626467616681268,21.894247833736753
2024-01-06 12:00:00,23.066887001788654,18.76737889286413
2024-01-06 12:10:00,23.23583274152618,21.380588946409617
2024-01-06 12:20:00,21.458090152931387,20.12417134640996
2024-01-06 12:30:00,24.791055258661164,22.766051977714874
2024-01-06 12:40:00,24.71703931217762,21.04917690640282
2024-01-06 12:50:00,20.338345039282917,19.073911403939334
2024-01-06 13:00:00,20.519934655693792,17.620715644047138
2024-01-06 13:10:00,20.438264764937184,17.315249871355554
2024-01-06 13:20:00,24.200713088713925,19.220563607181006
2024-01-06 13:30:00,21.69977044682923,18.853947556078104
2024-01-06 13:40:00,24.279288377910603,21.640798819316515
2024-01-06 13:50:00,20.38835933035657,18.163067851423403
2024-01-06 14:00:00,22.200233378011685,20.973089578087777
2024-01-06 14:10:00,22.460390458884152,21.65104503987305
2024-01-06 14:20:00,21.877262069715727,16.98244093978268
2024-01-06 14:30:00,22.31879162697951,21.928383088482477
2024-01-06 14:40:00,20.97999157735275,18.915486127916473
2024-01-06 14:50:00,21.502176150309694,16.860269065894887
2024-01-06 15:00:00,24.503476135069548,20.95646460294271
2024-01-06 15:10:00,20.27366246491253,18.53341573944678
2024-01-06 15:20:00,20.544432874258934,19.46633458192373
2024-01-06 15:30:00,20.206164327554703,20.1452230884306
2024-01-06 15:40:00,24.01537442080923,19.97943589780548
2024-01-06 15:50:00,20.836383539968953,17.067644250962466
2024-01-06 16:00:00,20.114700709040278,17.687031575104207
2024-01-06 16:10:00,22.49902407429016,20.125820314879878
2024-01-06 16:20:00,23.791960555068027,21.649134765612917
2024-01-06 16:30:00,22.900920507650532,19.047323544355944
2024-01-06 16:40:00,24.96610987992952,23.777824814604894
2024-01-06 16:50:00,23.468866960760508,20.69545024244945
2024-01-06 17:00:00,24.778132142947758,23.799937602367947
2024-01-06 17:10:00,21.821000081178003,17.87582036959081
2024-01-06 17:20:00,22.29067581145206,19.27806330313608
2024-01-06 17:30:00,23.245361453278278,19.98025915110346
2024-01-06 17:40:00,22.893592866482763,21.127385551520547
2024-01-06 17:50:00,22.275839145374714,17.97606956064166
2024-01-06 18:00:00,24.568005454349674,22.500363951824767
2024-01-06 18:10:00,21.07278166087894,18.349551435741176
2024-01-06 18:20:00,22.193651915546205,17.698727631771316
2024-01-06 18:30:00,22.89525736906672,21.48783320811284
2024-01-06 18:40:00,22.479362529897152,20.173343385520052
2024-01-06 18:50:00,24.19281220818634,23.674419999387325
2024-01-06 19:00:00,23.824527980925687,23.254573881760482
2024-01-06 19:10:00,20.900476343447494,18.494927011922016
2024-01-06 19:20:00,20.968534213762407,19.80004422459655
2024-01-06 19:30:00,22.303242717264162,21.10543495301345
2024-01-06 19:40:00,21.822295787959938,19.283530289583723
2024-01-06 19:50:00,20.225872413937456,19.61707783986129
2024-01-06 20:00:00,23.32715552841068,19.248209148060987
2024-01-06 20:10:00,24.939169117973794,21.743016731095466
2024-01-06 20:20:00,21.155096743582003,17.510271531321216
2024-01-06 20:30:00,20.707755202722662,20.230534290155962
2024-01-06 20:40:00,20.74332990870348,19.68127954050235
2024-01-06 20:50:00,23.69408204308348,19.974195764351073
2024-01-06 21:00:00,20.205543644866435,19.30768357912882
2024-01-06 21:10:00,21.34906073604403,17.644906073725313
2024-01-06 21:20:00,20.90367636475973,17.699560033227904
2024-01-06 21:30:00,24.409935561011352,20.314014416043328
2024-01-06 21:40:00,21.789933615570636,17.844531995559713
2024-01-06 21:50:00,23.501986771828975,19.894925983609
2024-01-06 22:00:00,24.975277417662387,22.670487146047353
2024-01-06 22:10:00,23.830503605113893,23.804533468492647
2024-01-06 22:20:00,23.633983478331302,22.19816227602965
2024-01-06 22:30:00,20.878896900874235,18.132529110503707
2024-01-06 22:40:00,23.416739711227766,21.199992941013573
2024-01-06 22:50:00,23.01023321760192,22.749996495039216
2024-01-06 23:00:00,23.249302992293863,20.034122316991358
2024-01-06 23:10:00,23.19262843771917,21.51899959114621
2024-01-06 23:20:00,20.166579766112008,17.77068157648531
2024-01-06 23:30:00,22.60638686782361,20.82039717453464
2024-01-06 23:40:00,24.753623607541893,22.81736459297682
2024-01-06 23:50:00,24.329586890382075,20.093469802446105
2024-01-07 00:00:00,24.09543459507166,22.74136920842601
2024-01-07 00:10:00,20.626838490669993,16.29608816939109
2024-01-07 00:20:00,23.124926085093065,22.918148925531302
2024-01-07 00:30:00,21.432831656520907,17.176638289106577
2024-01-07 00:40:00,20.720962368323296,17.03421098979644
2024-01-07 00:50:00,23.575643980144584,22.6052615639222
2024-01-07 01:00:00,24.053436534282305,23.096583565636134
2024-01-07 01:10:00,24.826242263388263,24.319629025713024
2024-01-07 01:20:00,23.13741966708196,22.523207873727383
2024-01-07 01:30:00,22.27696234476869,20.69088052020778
2024-01-07 01:40:00,24.296357692368836,23.848411066882054
2024-01-07 01:50:00,23.588583877094067,19.515979478789816
2024-01-07 02:00:00,20.151442378795817,15.504314903750554
2024-01-07 02:10:00,20.204102487807308,16.921527302952313
2024-01-07 02:20:00,20.08716765656256,17.258968293875036
2024-01-07 02:30:00,22.146484798654992,19.287557126040927
2024-01-07 02:40:00,23.011810869674527,20.577544518187572
2024-01-07 02:50:00,24.445660180632075,21.311229138305997
2024-01-07 03:00:00,24.96404171141978,22.57463386413136
2024-01-07 03:10:00,20.738241851744775,18.334627540363094
2024-01-07 03:20:00,22.295773741482442,18.09036623629868
2024-01-07 03:30:00,24.17008053402484,21.505172880338026
2024-01-07 03:40:00,24.550376456319807,23.352214476782482
2024-01-07 03:50:00,23.512980156088034,19.92485125988121
2024-01-07 04:00:00,21.56488647422336,20.380823477620353
2024-01-07 04:10:00,20.23123110379219,17.6232397595789
2024-01-07 04:20:00,24.780958848598342,23.027996063960856
2024-01-07 04:30:00,22.25565996594199,19.697912634860398
2024-01-07 04:40:00,21.017334528768327,19.327120788896757
2024-01-07 04:50:00,20.924889298757563,18.60871348331326
2024-01-07 05:00:00,20.01585355582524,16.1583909127461
2024-01-07 05:10:00,21.61249726377963,21.12468818935514
2024-01-07 05:20:00,22.577929797495635,18.23239302176203
2024-01-07 05:30:00,21.392205513481553,16.910673314618244
2024-01-07 05:40:00,20.695655743187974,19.65099052429134
2024-01-07 05:50:00,23.695035266828903,22.81713095366585
2024-01-07 06:00:00,24.811404743126598,24.527662414349358
2024-01-07 06:10:00,21.557198199550083,21.36423425658936
2024-01-07 06:20:00,20.442161303658207,16.17193938191856
2024-01-07 06:30:00,22.052607931173405,19.53643696588763
2024-01-07 06:40:00,23.258121694418353,18.97627737207643
2024-01-07 06:50:00,21.7989162895172,20.220679147172977
2024-01-07 07:00:00,20.271394584170032,16.30215030296175
2024-01-07 07:10:00,20.835505448199548,16.06323582185071
2024-01-07 07:20:00,20.91517726809711,17.168505606657448
2024-01-07 07:30:00,23.018940506080966,19.48593599567224
2024-01-07 07:40:00,22.889637570752143,20.394602605110126
2024-01-07 07:50:00,22.41094475907893,20.484539985691082
2024-01-07 08:00:00,23.595264554310454,21.763467713822152
2024-01-07 08:10:00,22.28075544583386,17.77017875418457
2024-01-07 08:20:00,22.580239945135727,17.847892265714897
2024-01-07 08:30:00,21.346633789778902,20.1518340015448
2024-01-07 08:40:00,20.15263148614879,16.11358808206
2024-01-07 08:50:00,24.278560376164062,21.292095754983574
2024-01-07 09:00:00,24.66503259400526,19.78278038269273
2024-01-07 09:10:00,20.958684209484584,19.074358882954144
2024-01-07 09:20:00,20.018178886099648,15.761850357248335
2024-01-07 09:30:00,20.13855985164107,18.82301663911191
2024-01-07 09:40:00,24.56305133693086,23.71968521481346
2024-01-07 09:50:00,22.656717682712568,17.767379057221028
2024-01-07 10:00:00,20.7776884356904,16.41368974483945
2024-01-07 10:10:00,23.705255917517125,22.658202638415837
2024-01-07 10:20:00,24.686927365639306,21.312333096431104
2024-01-07 10:30:00,24.438584553420895,21.65166617377163
2024-01-07 10:40:00,20.026786251467087,19.18475341324226
2024-01-07 10:50:00,21.995097360959647,18.072164549110976
2024-01-07 11:00:00,24.706664328434037,21.35916391839977
2024-01-07 11:10:00,21.249421685630775,17.880978138108066
2024-01-07 11:20:00,24.977963120878318,23.510996883345623
2024-01-07 11:30:00,23.26740144871451,21.155038717056915
2024-01-07 11:40:00,24.058708483523105,20.00627227154662
2024-01-07 11:50:00,20.492642178457835,15.794013427499731
2024-01-07 12:00:00,21.856821124702943,21.07124020848621
2024-01-07 12:10:00,20.50412633712497,19.593853629040485
2024-01-07 12:20:00,23.020584450309872,19.64941881417453
2024-01-07 12:30:00,20.539533405227647,19.145192184598624
2024-01-07 12:40:00,21.295353435353235,21.025683117058424
2024-01-07 12:50:00,20.020867151554466,16.860137267810984
2024-01-07 13:00:00,24.71683641013666,22.901740911580017
2024-01-07 13:10:00,21.64128291684073,16.66949635931688
2024-01-07 13:20:00,22.28370530203403,18.85897170641058
2024-01-07 13:30:00,23.553837081172954,18.570933974020548
2024-01-07 13:40:00,20.23124527898126,16.078099926103043
2024-01-07 13:50:00,24.549802561140503,23.728689605350663
2024-01-07 14:00:00,22.839789313973103,19.79754161949745
2024-01-07 14:10:00,22.647578989630034,20.907963680448812
2024-01-07 14:20:00,21.908251745750555,20.396831605266623
2024-01-07 14:30:00,20.10994993166506,15.124320162067987
2024-01-07 14:40:00,23.466287953838542,22.019259975050222
2024-01-07 14:50:00,24.38492811073106,20.916313531881176
2024-01-07 15:00:00,24.986702227104008,20.20030414749167
2024-01-07 15:10:00,24.893471687604922,23.269290449358486
2024-01-07 15:20:00,23.880141102355164,19.927540762326302
2024-01-07 15:30:00,23.733957919310647,21.051295382134
2024-01-07 15:40:00,23.753834031113428,19.888136379710836
2024-01-07 15:50:00,21.267259104692766,16.80199463748209
2024-01-07 16:00:00,24.7594097539993,19.872755244186305
2024-01-07 16:10:00,21.192280556397037,16.39960962097664
2024-01-07 16:20:00,22.352302108875968,20.08298421480691
2024-01-07 16:30:00,24.04142795720216,23.894113619777066
2024-01-07 16:40:00,23.630149235090844,18.927648151031867
2024-01-07 16:50:00,23.4687520525398,18.940989225127616
2024-01-07 17:00:00,23.67446092961411,22.12356016629726
2024-01-07 17:10:00,22.973165251148338,18.848378719445844
2024-01-07 17:20:00,22.04715441230434,17.991087981801396
2024-01-07 17:30:00,20.317139323948542,17.764680119246446
2024-01-07 17:40:00,21.899648048342396,20.876967402734532
2024-01-07 17:50:00,24.444436625319668,23.9742250393317
2024-01-07 18:00:00,21.850370723533757,17.961018833416407
2024-01-07 18:10:00,23.2385760955532,20.81127044291465
2024-01-07 18:20:00,24.512132252766257,24.00543896610888
2024-01-07 18:30:00,23.173913248973527,20.07677110879355
2024-01-07 18:40:00,24.605093826082538,20.308244947700057
2024-01-07 18:50:00,24.274314380078547,19.347142042802453
2024-01-07 19:00:00,23.463793510261414,19.753987499350867
2024-01-07 19:10:00,23.79154502258828,21.610958012552807
2024-01-07 19:20:00,22.940686481708667,18.367623787786847
2024-01-07 19:30:00,22.245729106338665,17.733689089426676
2024-01-07 19:40:00,22.476812529220766,19.992905248864126
2024-01-07 19:50:00,23.15983681774498,23.030001928610357
2024-01-07 20:00:00,24.04245000898925,22.07877848054744
2024-01-07 20:10:00,24.333125240647313,20.665239544725974
2024-01-07 20:20:00,23.572133271300007,19.916904234410513
2024-01-07 20:30:00,22.146845352931535,20.43427385318993
2024-01-07 20:40:00,24.88603830468115,22.156319112037345
2024-01-07 20:50:00,23.44045582679557,19.10035901754274
2024-01-07 21:00:00,21.16333816360865,20.854683677625324
2024-01-07 21:10:00,24.80502103649668,21.495267774237654
2024-01-07 21:20:00,22.660371124455907,18.161904145265474
2024-01-07 21:30:00,24.072104842302686,22.64778185802697
2024-01-07 21:40:00,23.4152814866423,19.69016626375004
2024-01-07 21:50:00,24.51809231293405,20.09117736477764
2024-01-07 22:00:00,20.089607136031916,17.342708157373615
2024-01-07 22:10:00,21.533115560707095,17.839119901839226
2024-01-07 22:20:00,21.485793069540858,17.80091491098848
2024-01-07 22:30:00,20.131742778995683,18.12493266651475
2024-01-07 22:40:00,24.359299975940615,22.503581431630806
2024-01-07 22:50:00,23.43382517108675,23.25317495820676
2024-01-07 23:00:00,22.10352526737097,18.841655164264093
2024-01-07 23:10:00,20.783988734606872,16.03636621807948
2024-01-07 23:20:00,20.276639664828775,17.95915654849716
2024-01-07 23:30:00,20.258143016663233,15.834391991403667
2024-01-07 23:40:00,22.249250591823596,19.78212430580956
2024-01-07 23:50:00,23.827696251368128,19.987291723898142
